id;created;category_id;pattern_id;instanz_nr;atricle_nr_red;pattern_ref;order_nr;color_garn_vendor_ref;length;foto_mi;foto_ma;foto_red;owner;storage_web;storage;price_red;selled_dt;present_dt;remarks;remarks_article
1;2014-01-02;1;1;1;1.1;;;;15.5;;;1;1;;;4.00;2014-12-06;;;
2;2014-01-02;1;1;1;1.2;;;c110,c113;13.0;;;1;1;1;1;4.00;;;;
3;2014-01-02;1;1;1;1.3;;;;14.5;;;1;1;;;4.00;2014-12-06;;;
4;2014-01-02;1;1;1;1.4;;;;15.0;;;1;1;;1;4.00;;;;
5;2014-01-02;1;1;1;1.5;;;;15.0;;;1;1;;1;4.00;;;;
6;2014-02-14;1;1;1;1.6;;;;13.0;;;1;1;;;4.00;2014-10-18;;;
7;2014-02-14;1;1;1;1.7;;;;13.0;;;1;1;;;4.00;2014-07-05;;;
7;2014-02-14;1;1;2;1.7;;;c110,c106;13.0;;;1;1;1;1;4.00;;;;
9;2014-02-14;1;1;1;1.8;;;c110,c208;15.5;;;1;1;1;1;4.00;;;;
10;2014-05-01;1;1;1;1.9;;;c110,c263;13.5;;;1;1;1;1;4.00;;;;
11;2014-05-01;1;1;1;1.10;;;c128,c226;13.5;;;1;1;1;1;4.00;;;;
12;2014-06-07;1;1;1;1.11;;;;13.0;;;1;1;;;4.00;2015-04-18;;;
13;2014-06-07;1;1;1;1.12;;;;13.0;;;1;1;;;4.00;2014-09-01;;;
14;2014-06-07;1;1;1;1.13;;;c253,c385;13.0;;;1;1;1;1;4.00;;;;
15;2014-06-25;1;1;1;1.14;;;c201,c110;13.0;;;1;1;1;1;4.00;;;;
16;2014-06-25;1;1;1;1.15;;;c244,c389;13.5;;;1;1;;;4.00;2015-10-03;;;
17;2014-07-05;1;1;1;1.16;;o1;;12.0;;;1;1;;;4.00;2014-07-05;;;
17;2014-07-05;1;1;2;1.16;;o2;;12.0;;;1;1;;;4.00;2014-07-05;;;
19;2014-10-05;1;1;1;1.17;;;c110,c251;13.0;;;1;1;1;1;4.00;;;;
20;2014-10-05;1;1;1;1.18;;;c280,c241;12.5;;;1;1;1;1;4.00;;;;
21;2014-10-05;1;1;1;1.19;;;c115,c281;13.0;;;1;1;1;1;4.00;;;;
22;2014-10-05;1;1;1;1.20;;;c201,c173;13.0;;;1;1;1;1;4.00;;;;
23;2014-10-05;1;1;1;1.21;;;;13.0;;;1;1;;;4.00;2014-10-18;;;
24;2015-04-18;1;1;1;1.22;;o13;;22.0;;;;1;;;10.00;2015-04-18;;;
25;2015-04-18;1;1;1;1.23;;o14;;19.0;;;;1;;;10.00;2015-04-18;;;
26;2015-08-14;1;1;1;1.24;;;c106,g198;14.0;;;1;1;1;1;4.00;;;;
27;2014-01-02;1;2;1;2.1;;;;15.0;;;1;1;;1;9.00;;;;
28;2014-01-02;1;3;1;3.1;;;;15.0;;;1;1;;1;8.00;;;Spezielpreis einfaches Muster;
29;2014-01-02;1;4;1;4.1;7345;;;15.0;;;1;1;;;5.00;2014-07-05;;;
30;2014-07-05;1;4;1;4.2;7345;o3;;15.0;;;1;1;;;5.00;2014-07-05;;;
31;2014-09-21;1;4;1;4.3;7345;;;15.0;;;;1;;;4.00;2014-09-01;;;
31;2014-09-21;1;4;2;4.3;7345;;c105,c192;13.5;;;1;1;1;1;4.00;;;;
33;2014-10-05;1;4;1;4.4;7345;;c110,c106;14.5;;;1;1;1;1;4.00;;;;
34;2014-10-05;1;4;1;4.5;7345;;c262,c110;12.5;;;1;1;1;1;4.00;;;;
35;2014-10-05;1;4;1;4.6;7345;;c282,c226;14.0;;;1;1;1;1;4.00;;;;
36;2014-11-30;1;4;1;4.7;7345;;c106,c241;12.5;;;1;2;1;1;4.00;;;;
37;2014-11-30;1;4;1;4.8;7345;;c385,c222;12.5;;;1;1;1;1;4.00;;;;
38;2014-11-30;1;4;1;4.9;7345;;;13.5;;;1;1;1;1;4.00;;;;c119 nicht gefunden, vorher c119,c205
39;2014-12-06;1;4;1;4.10;7345;;c388,c245;13.0;;;1;1;1;1;4.00;;;;
40;2015-06-21;1;4;1;4.11;7345;;c114,c222;13.5;;;1;1;1;1;4.00;;;;
41;2015-06-21;1;4;1;4.12;7345;;c205,c192;13.0;;;1;1;1;1;4.00;;;;
42;2015-06-21;1;4;1;4.13;7345;;c201,c146;13.0;;;1;1;1;1;4.00;;;;
43;2015-06-21;1;4;1;4.14;7345;;c257,c146;13.0;;;1;1;1;1;4.00;;;;
44;2015-06-21;1;4;1;4.15;7345;;c257,c162;13.5;;;1;1;1;1;4.00;;;;
45;2015-06-21;1;4;1;4.16;7345;;c257,c110;13.0;;;1;1;1;1;4.00;;;;
46;2015-06-21;1;4;1;4.17;7345;;c106,c192;13.0;;;1;1;1;1;4.00;;;;
47;2015-06-21;1;4;1;4.18;7345;;c113,c226;13.0;;;1;1;1;1;4.00;;;;
48;2015-06-21;1;4;1;4.19;7345;;c257,c146;13.0;;;1;1;1;1;4.00;;;;
49;2015-06-21;1;4;1;4.2;7345;;c110,c222;13.0;;;1;1;1;1;4.00;;;;
50;2015-06-21;1;4;1;4.21;7345;;c257,c110;13.0;;;1;1;1;1;4.00;;;;
51;2015-06-21;1;4;1;4.22;7345;;c110,c192;13.0;;;1;1;1;1;4.00;;;;
52;2015-06-21;1;4;1;4.23;7345;;c244,c385;12.5;;;1;1;1;1;4.00;;;;
53;2015-06-21;1;4;1;4.24;7345;;c385,c259;13.0;;;1;1;1;1;4.00;;;;
54;2015-06-21;1;4;1;4.25;7345;;c114,c222;13.0;;;1;1;1;1;4.00;;;;
55;2015-07-23;1;4;1;4.26;7345;;;13.0;;;1;1;;;5.00;2015-07-01;;;
56;2015-08-14;1;4;1;4.27;7345;;c259,c385;13.0;;;1;1;1;1;4.00;;;;
57;2015-08-14;1;4;1;4.28;7345;;c388,c245;14.5;;;1;1;1;1;4.00;;;;
58;2015-08-14;1;4;1;4.29;7345;;c385,c253;13.0;;;1;1;1;1;4.00;;;;
59;2015-08-14;1;4;1;4.3;7345;;c110,c106;13.5;;;1;1;1;1;4.00;;;;
60;2015-08-14;1;4;1;4.31;7345;;c100,c208;13.5;;;1;1;1;1;4.00;;;;
61;2015-08-14;1;4;1;4.32;7345;;c105,c162;14.5;;;1;1;1;1;4.00;;;;
62;2015-08-14;1;4;1;4.33;7345;;c110,c222;13.5;;;1;1;1;1;4.00;;;;
63;2015-08-14;1;4;1;4.34;7345;;c212,c245;13.0;;;1;1;1;1;4.00;;;;
64;2015-08-14;1;4;1;4.35;7345;;c201,c146;13.5;;;1;1;1;1;4.00;;;;
65;2015-08-14;1;4;1;4.36;7345;;c192,c173;14.5;;;1;1;1;1;4.00;;;;
66;2015-09-26;1;4;1;4.37;7345;;c385,c146;14.0;;;1;1;1;1;4.00;;;;
67;2015-09-26;1;4;1;4.38;7345;;c106,c164;13.0;;;1;1;1;1;4.00;;;;
68;2014-01-02;1;5;1;5.1;;;;15.0;;;1;1;;1;6.00;;;;
69;2014-01-02;1;6;1;6.1;;;;15.0;;;1;1;;1;5.00;;;;
70;2014-01-02;1;7;1;7.1;;;;15.0;;;1;1;;1;3.00;;;Spezialpreis: geflickt;
71;2014-01-02;1;8;1;8.1;;;;15.0;;;1;1;;1;5.00;;;;
72;2014-01-02;1;9;1;9.1;;;;14.0;;;1;1;;1;6.00;;;;
73;2014-01-02;1;9;1;9.2;;;;15.0;;;1;1;;1;6.00;;;;
74;2014-01-02;1;10;1;10.1;;;;14.5;;;1;1;;1;8.00;;;;
75;2014-01-02;1;11;1;11.1;;;;14.0;;;1;1;;1;12.00;;;;
76;2014-01-02;1;12;1;12.1;;;;14.5;;;1;1;;1;10.00;;;;
77;2014-01-02;1;12;1;12.2;;;;14.0;;;1;1;;1;10.00;;;;
78;2014-01-02;1;12;1;12.3;;;;15.0;;;1;1;;1;11.00;;;;
79;2014-01-02;1;13;1;13.1;17;;;15.0;;;1;1;;1;5.00;;;Fehler beim Verkauf;
80;2014-04-18;1;13;1;13.2;17;;c162,c385,c106;13.0;;151018_2_ma0/3345;1;1;1;1;9.00;;;;
81;2015-02-22;1;13;1;13.3;17;;c110,c173,c124;14.0;;151018_1_ma0/3315;1;2;1;1;9.00;;;;
82;2015-02-22;1;13;1;13.4;17;;c389,c208,c100;13.0;;151121_3_ma0/3445;1;2;1;1;9.00;;;;
83;2015-02-22;1;13;1;13.5;17;;c244,c385,c257;13.5;;151018_2_ma0/3356;1;2;1;1;9.00;;;;
84;2015-02-22;1;13;1;13.6;17;;c110,c128,c246;14.0;;151015_2_ma0/3113;1;2;1;1;9.00;;;;
85;2015-02-22;1;13;1;13.7;17;;;14.0;;;1;1;;;9.00;2015-04-18;;;
86;2015-02-22;1;13;1;13.8;17;;c110,c208,c280;14.0;;151015_4_ma0/3221;1;2;1;1;9.00;;;;
87;2015-02-22;1;13;1;13.9;17;;c162,c106,c257;13.5;;151121_3_ma0/3471;1;2;1;1;9.00;;;;
88;2015-02-22;1;13;1;13.10;17;;c110,c212,c106;13.5;;151121_2_ma0/3422;1;2;1;1;9.00;;;;
89;2015-02-22;1;13;1;13.11;17;;c124,c173,c115;13.5;;151015_3_ma0/3154;1;2;1;1;9.00;;;;
90;2015-02-22;1;13;1;13.12;17;;c192,c208,c205;13.0;;151015_4_ma0/3225;1;2;1;1;9.00;;;;
91;2015-02-22;1;13;1;13.13;17;;c192,c281,c208;13.5;;151015_5_ma0/3242;1;2;1;1;9.00;;;;
92;2015-02-22;1;13;1;13.14;17;;c110,c385,c222;13.5;;151121_2_ma0/3443;1;2;1;1;9.00;;;;
93;2015-02-22;1;13;1;13.15;17;;c201,c173,c106;14.0;;151018_1_ma0/3321;1;2;1;1;9.00;;;;
94;2015-02-22;1;13;1;13.16;17;;c113,c226,c106;13.5;;151121_3_ma0/3486;1;2;1;1;9.00;;;;
95;2015-02-22;1;13;1;13.17;17;;c244,c205,c212;13.5;;151121_2_ma0/3426;1;2;1;1;9.00;;;;
96;2015-02-22;1;13;1;13.18;17;;c387,c257,c263;13.5;;151018_1_ma0/3310;1;2;1;1;9.00;;;;
97;2014-01-02;1;14;1;14.1;;;;15.0;;;1;1;;1;14.50;;;;
98;2014-01-02;1;15;1;15.1;;;;15.0;;;1;1;;1;12.00;;;;
99;2014-01-02;1;16;1;16.1;;;;14.0;;;1;1;;1;9.00;;;;
100;2014-01-02;1;17;1;17.1;;;;14.5;;;1;1;;;7.00;2014-07-05;;;
101;2014-01-02;1;18;1;18.1;;;;14.0;;;1;1;;1;13.00;;;;
102;2014-01-02;1;19;1;19.1;;;;14.0;;;1;1;;1;10.00;;;;
103;2014-01-02;1;20;1;20.1;2876;;;14.5;;;1;1;;1;12.00;;;;
104;2014-01-02;1;20;1;20.2;2876;;;15.0;;;1;1;;1;10.00;;;;
105;2014-01-02;1;20;1;20.3;2876;;;14.5;;;1;1;;;10.00;2014-12-06;;;
106;2014-01-02;1;20;1;20.4;2876;;;14.5;;;1;1;;;10.00;2014-07-05;;;
107;2014-01-02;1;20;1;20.5;2876;;;14.5;;;1;1;;1;11.00;;;;
108;2014-01-02;1;20;1;20.6;2876;;;14.0;;;1;1;;;11.00;;2014-12-01;Geschenk;
109;2014-01-02;1;20;1;20.7;2876;;;14.5;;;1;1;;;10.00;2014-11-15;;;
110;2014-01-02;1;20;1;20.8;2876;;;14.5;;;1;1;;;10.00;2015-07-04;;;
111;2014-04-18;1;20;1;20.9;2876;;c106,c110,c114;12.0;;151015_2_ma0/3115;1;1;1;1;10.00;;;;
112;2014-09-21;1;20;1;20.10;2876;;c106,q70,q99;13.0;;151018_1_ma0/3298;1;1;1;1;10.00;;;;
113;2015-02-22;1;20;1;20.11;2876;;c173,c384,c115,c192,c110;14.0;;151015_3_ma0/3155;1;2;1;1;11.00;;;;
114;2015-02-22;1;20;1;20.12;2876;;c192,c106,c282,c106,c226;14.0;;151018_2_ma0/3336;1;2;1;1;11.00;;;;
115;2015-02-22;1;20;1;20.13;2876;;c226,c113,c282,c128,c192;13.0;;;1;2;;;11.00;2015-10-03;;;
116;2015-02-22;1;20;1;20.14;2876;;c110,c245,c205,c212;13.5;;151121_2_ma0/3418;1;2;1;1;10.00;;;;
117;2015-02-22;1;20;1;20.15;2876;;c280,c208,c281,c115,c192;14.0;;151015_5_ma0/3238;1;2;1;1;11.00;;;;
118;2015-02-22;1;20;1;20.16;2876;;c280,c208,c110;13.5;;151015_4_ma0/3215;1;2;1;1;11.00;;;;
119;2015-02-22;1;20;1;20.17;2876;;;14.0;;;1;2;;;10.00;2015-04-01;;;
120;2015-03-21;4;20;1;20.18;2876;o11;;31.0;;;1;1;;;27.00;2015-03-21;;;
121;2014-04-18;1;20;1;20.19;2876;;c253,c162,c385;13.5;;151018_2_ma0/3349;1;1;1;1;10.00;;;;
122;2014-01-02;1;21;1;21.1;31;;;15.0;;;1;1;;1;11.00;;;;
123;2014-01-02;1;21;1;21.2;31;;;15.0;;;1;1;;1;11.00;;;;
124;2014-01-02;1;21;1;21.3;31;;;15.5;;;1;1;;1;11.00;;;;
125;2014-01-02;1;21;1;21.4;31;;;15.0;;;1;1;;1;11.00;;;;
126;2014-04-18;1;21;1;21.5;31;;c162,c257,c253,c106;13.0;;151018_2_ma0/3352;1;1;1;1;9.00;;;;
127;2014-09-21;1;21;1;21.6;31;;c282,c192,c106,c226;14.0;;151018_2_ma0/3326;1;1;1;1;10.00;;;;
128;2014-09-21;1;21;1;21.7;31;;c282,c192,c106,c226;14.5;;151018_2_ma0/3328;1;1;1;1;10.00;;;;
129;2014-10-05;1;21;1;21.8;31;;c110,c130,c387,c106;13.0;;151018_1_ma0/3312;1;1;1;1;9.00;;;;
130;2014-10-05;1;21;1;21.9;31;;c164,c261,c247,c173;15.0;;151018_1_ma0/3313;1;1;1;1;11.00;;;;
131;2014-10-05;1;21;1;21.10;31;;;20.0;;;1;1;;;12.00;2014-09-01;;;
132;2014-10-17;1;21;1;21.11;31;;c113,c226,c205,c110;14.0;;151121_3_ma0/3467;1;1;1;1;10.00;;;;
133;2014-11-15;1;21;1;21.12;31;;c113,c226,c205,c110;14.0;;151121_3_ma0/3466;1;1;1;1;10.00;;;;
134;2014-11-15;1;21;1;21.13;31;;c162,c263,c257,c254;14.0;;151018_1_ma0/3307;1;1;1;1;10.00;;;;
135;2015-04-18;1;21;1;21.14;31;;g4,g70,q87,g1;15.0;;151121_3_ma0/3450;1;1;1;1;11.00;;;;
136;2015-04-18;1;21;1;21.15;31;;c110,c115,c390,c192;13.5;;151121_3_ma0/3461;1;1;1;1;10.00;;;;
137;2014-01-02;1;22;1;22.1;1236;;;14.5;;;1;1;;1;7.00;;;;
138;2014-01-02;1;22;1;22.2;1236;;;15.0;;;1;1;;1;7.00;;;;
139;2014-04-18;1;22;1;22.3;1236;;;13.0;;;1;1;;;7.00;2014-07-05;;;
140;2014-04-18;1;22;1;22.4;1236;;;12.5;;;1;1;;;7.00;2015-03-21;;;
141;2014-04-18;1;22;1;22.5;1236;;;12.5;;;1;1;;;7.00;2014-12-20;;;
142;2014-04-18;1;22;1;22.6;1236;;c110,c259,c114;12.5;;;1;1;1;1;7.00;;;;
143;2014-04-18;1;22;1;22.7;1236;;c110,c240,c398;13.0;;;1;1;1;1;7.00;;;;
144;2014-04-18;1;22;1;22.8;1236;;;13.0;;;1;1;;;7.00;2015-07-04;;;
145;2014-04-18;1;22;1;22.9;1236;;;13.0;;;1;1;;;7.00;2015-07-04;;;
146;2014-04-18;1;22;1;22.10;1236;;c162,c254,c253;13.5;;;1;1;1;1;7.00;;;;
147;2014-04-18;1;22;1;22.11;1236;;c110,c257,c263;13.5;;;1;1;1;1;7.00;;;;
148;2014-06-25;1;22;1;22.12;1236;;;12.5;;;1;1;;;7.00;2014-12-06;;;
149;2014-06-25;1;22;1;22.13;1236;;c106,c244,c385;13.0;;;1;1;1;1;7.00;;;;
150;2014-07-05;1;22;1;22.14;1236;o4;;17.0;;;1;1;;;11.00;2014-07-05;;;
150;2014-07-05;1;22;2;22.14;1236;o5;;17.0;;;1;1;;;11.00;2014-07-05;;;
152;2014-09-21;1;22;1;22.15;1236;;c282,c226,c106;12.5;;;1;1;1;1;7.00;;;;
153;2014-09-21;1;22;1;22.16;1236;;c282,c106,c192;13.5;;;1;1;1;1;7.00;;;;
154;2014-09-21;1;22;1;22.17;1236;;c110,c106;15.0;;;1;1;1;1;7.00;;;;
155;2014-09-21;1;22;1;22.18;1236;;c106,c110;13.0;;;1;1;1;1;7.00;;;;
156;2014-09-21;1;22;1;22.19;1236;;c385,c244,c253;13.0;;;1;1;1;1;7.00;;;;
157;2014-10-05;1;22;1;22.2;1236;;c110,c208,c280;15.0;;;1;1;1;1;7.00;;;;
158;2014-12-05;1;22;1;22.21;1236;;;13.0;;;1;1;;;7.00;2014-11-15;;;
159;2014-11-30;1;22;1;22.22;1236;;c114,c222,c385;12.0;;;1;2;1;1;7.00;;;;
160;2014-11-30;1;22;1;22.23;1236;;c386,c110,c390;13.0;;;1;2;1;1;7.00;;;;
161;2014-11-30;1;22;1;22.24;1236;;c388,c244,c383;13.0;;;1;2;1;1;7.00;;;;
162;2014-11-30;1;22;1;22.25;1236;;c244,c385,c253;13.0;;;1;2;1;1;7.00;;;;
163;2014-11-30;1;22;1;22.26;1236;;c245,c110,c205;13.5;;;1;2;1;1;7.00;;;;
164;2014-11-30;1;22;1;22.27;1236;;c208,c383;13.0;;;1;2;1;1;7.00;;;;
165;2014-11-30;1;22;1;22.28;1236;;;12.5;;;1;2;;;7.00;2014-12-06;;;
166;2014-12-06;1;22;1;22.29;1236;;c146,c253,c385;14.0;;;1;1;1;1;7.00;;;;
167;2014-12-06;1;22;1;22.3;1236;;c282,c192,c226;13.0;;;1;1;1;1;7.00;;;;
168;2014-12-06;1;22;1;22.31;1236;;c110,c172,c387;15.0;;;1;1;1;1;7.00;;;;
169;2014-12-13;1;22;1;22.32;1236;;c280,c249,c100;12.5;;;1;2;1;1;7.00;;;;
170;2014-12-13;1;22;1;22.33;1236;;c244,c172,c110;13.5;;;1;2;1;1;7.00;;;;
171;2014-12-13;1;22;1;22.34;1236;;c244,g198,c245;13.0;;;1;2;1;1;7.00;;;;
172;2014-12-19;1;22;1;22.35;1236;;;12.5;;;1;2;;;7.00;2014-12-20;;;
173;2014-12-19;1;22;1;22.36;1236;;c146,c110;13.0;;;1;2;1;1;7.00;;;;
174;2014-12-20;1;22;1;22.37;1236;;c201,c172,c110;13.0;;;1;2;1;1;7.00;;;;
175;2014-12-20;1;22;1;22.38;1236;;;13.0;;;;2;;;7.00;;2014-12-01;Geschenk;
176;2015-01-01;1;22;1;22.39;1236;;c389,g118,g88;13.0;;;1;2;1;1;7.00;;;;
177;2015-01-01;1;22;1;22.4;1236;;c388,g159,g114;12.5;;;1;2;1;1;7.00;;;;
178;2015-01-01;1;22;1;22.41;1236;;g120,g178,g25;13.0;;;1;2;1;1;7.00;;;;
179;2015-01-01;1;22;1;22.42;1236;;g120,c106,g28;12.5;;;1;2;1;1;7.00;;;;
180;2015-01-01;1;22;1;22.43;1236;;sx-pistazie,g213,c212;13.5;;;1;2;1;1;7.00;;;;
181;2015-01-01;1;22;1;22.44;1236;;g9,g166,g185;12.5;;;1;2;1;1;7.00;;;;
182;2015-01-01;1;22;1;22.45;1236;;g70,c263,g99;12.5;;;1;2;1;1;7.00;;;;
183;2015-01-01;1;22;1;22.46;1236;;c192,c106,c115;13.0;;;1;2;1;1;7.00;;;Preisreduktion da Fehler (Seite verdreht);
184;2015-02-21;1;22;1;22.47;1236;;c261,c110,q11;13.5;;;1;1;1;1;7.00;;;;
185;2015-02-21;1;22;1;22.48;1236;;sx-wolke,c106,c162;13.0;;;1;1;1;1;7.00;;;;
186;2015-02-21;1;22;1;22.49;1236;;sx-pistazie,c201;13.0;;;1;1;1;1;7.00;;;;
187;2015-02-21;1;22;1;22.5;1236;;g198,c115,q16;13.5;;;1;2;1;1;7.00;;;;
188;2015-02-21;1;22;1;22.51;1236;;c245,c192,c205;14.0;;;1;2;1;1;7.00;;;;
189;2015-02-21;1;22;1;22.52;1236;;g109,g164;12.0;;;1;2;1;1;7.00;;;;
190;2015-02-21;1;22;1;22.53;1236;;c115,g120,c192;13.0;;;1;2;1;1;7.00;;;;
191;2015-02-21;1;22;1;22.54;1236;;c106,g70,c172;13.5;;;1;2;1;1;7.00;;;;
192;2015-02-21;1;22;1;22.55;1236;;c113,c106;14.0;;;1;2;1;1;7.00;;;;
193;2015-02-21;1;22;1;22.56;1236;;g160,c110,g114;13.5;;;1;2;1;1;7.00;;;;
194;2015-02-21;1;22;1;22.57;1236;;g160,c106;13.5;;;1;2;1;1;7.00;;;;
195;2015-02-21;1;22;1;22.58;1236;;c110,g88,c385;13.5;;;1;2;1;1;7.00;;;;
196;2015-02-21;1;22;1;22.59;1236;;;13.5;;;1;2;1;1;7.00;;;;c145 nicht gefunden, vorher eingegeben c145,g107,sx-pistazie
197;2015-02-21;1;22;1;22.6;1236;;g107,c162;14.0;;;1;2;1;1;7.00;;;;
198;2015-02-21;1;22;1;22.61;1236;;c106,g160,g79;13.5;;;1;2;1;1;7.00;;;;
199;2015-02-21;1;22;1;22.62;1236;;g144,g198,g93;13.0;;;1;2;1;1;7.00;;;;
200;2015-02-21;1;22;1;22.63;1236;;;13.5;;;1;2;1;1;7.00;;;;g98 nicht gefunden, vorher sx-pistazie,g98,g14
201;2015-02-21;1;22;1;22.64;1236;;g160,c110,g118;13.5;;;1;2;1;1;7.00;;;;
202;2015-02-21;1;22;1;22.65;1236;;;13.0;;;1;2;1;1;7.00;;;;g108 nicht gefunden, vorher g108,c226
203;2015-02-21;1;22;1;22.66;1236;;;13.5;;;1;2;;;7.00;2015-03-21;;;
204;2015-02-21;1;22;1;22.67;1236;;g87,g114,g213;13.0;;;1;2;1;1;7.00;;;;
205;2015-02-21;1;22;1;22.68;1236;;g109,c251,g166;13.0;;;1;2;1;1;7.00;;;;
206;2015-02-21;1;22;1;22.69;1236;;g68,c106,g139;14.0;;;1;2;1;1;7.00;;;;
207;2015-02-21;1;22;1;22.7;1236;;sx-pistazie,c115,c245;13.0;;;1;2;1;1;7.00;;;;
208;2015-02-21;1;22;1;22.71;1236;;c261,g120,c164;13.5;;;1;2;1;1;7.00;;;;
209;2015-02-21;1;22;1;22.72;1236;;g180,g107,c106;13.0;;;1;2;1;1;7.00;;;;
210;2015-02-21;1;22;1;22.73;1236;;c106,g70,c172;13.5;;;1;2;1;1;7.00;;;;
211;2015-02-21;1;22;1;22.74;1236;;g120,g178,g33;13.5;;;1;2;1;1;7.00;;;;
212;2015-02-21;1;22;1;22.75;1236;;g79,g73,c385;13.5;;;1;2;1;1;7.00;;;;
213;2015-02-21;1;22;1;22.76;1236;;c110,c106,c162;14.5;;;1;2;1;1;7.00;;;;
214;2015-02-21;1;22;1;22.77;1236;;g70,g107;14.0;;;1;2;1;1;7.00;;;;
215;2015-02-21;1;22;1;22.78;1236;;c115,c281,c208;13.5;;;1;2;1;1;7.00;;;;
216;2015-03-06;1;22;1;22.79;1236;;c253,c385,c244;14.5;;;1;2;1;1;7.00;;;;
217;2014-01-02;1;23;1;23.1;;;;15.5;;;1;1;;;11.00;2014-07-05;;;
218;2014-01-02;1;23;1;23.2;;;;14.5;;;1;1;;;10.00;2014-07-05;;;
219;2014-01-02;1;24;1;24.1;;;;14.0;;;1;1;;1;14.00;;;;
220;2014-01-02;1;25;1;25.1;;;;14.0;;;1;1;;1;10.00;;;;
221;2014-01-02;1;26;1;26.1;;;;15.0;;;1;1;;;7.00;2014-07-05;;Spezialpreis: kurz Zöpfe;
222;2014-01-02;1;27;1;27.1;;;;14.0;;;1;1;;;9.00;2014-12-06;;;
223;2014-01-02;1;28;1;28.1;;;;16.0;;;1;1;;1;12.00;;;;
224;2014-01-02;1;29;1;29.1;;;;15.0;;;1;1;;;13.00;2015-07-04;;;
225;2014-01-02;1;30;1;30.1;;;;16.0;;;1;1;;1;14.00;;;;
226;2014-01-02;1;31;1;31.1;;;;15.0;;;1;1;;1;15.00;;;;
227;2014-01-02;1;32;1;32.1;;;;15.0;;;1;1;1;1;9.00;;;;
228;2014-01-02;1;32;1;32.2;;;;14.0;;;1;1;;1;8.00;;;;
229;2014-01-02;1;33;1;33.1;;;;14.0;;;1;1;;1;12.00;;;;
230;2014-01-02;1;33;1;33.2;;;;12.0;;;1;1;;1;10.00;;;;
231;2014-04-18;1;33;1;33.3;;;c110,c106,c114,c246,c259;12.5;;151015_2_ma0/3130;1;1;1;1;10.00;;;;
232;2014-02-14;1;33;1;33.4;;;;13.0;;;1;1;;1;11.00;;;;
233;2014-02-14;1;33;1;33.5;;;;12.0;;;1;1;;1;10.00;;;;
234;2014-01-02;1;34;1;34.1;;;;15.0;;;1;1;;1;11.00;;;;
235;2014-01-02;1;34;1;34.2;;;;13.0;;;1;1;;1;9.00;;;;
236;2014-10-05;1;34;1;34.3;;;c162,q139,c263,c257;15.0;;151018_1_ma0/3305;1;1;1;1;11.00;;;;
237;2014-10-05;1;34;1;34.4;;;;13.0;;;1;1;1;1;9.00;;;;
238;2014-11-15;1;34;1;34.5;;;c110,c113,c226,c205;14.5;;151018_1_ma0/3284;1;1;1;1;10.00;;;;
239;2014-11-15;1;34;1;34.6;;;c106,c172,c110,c387;14.5;;151018_1_ma0/3300;1;1;1;1;10.00;;;;
240;2014-11-15;1;34;1;34.7;;;c192,c115,c281,c208;14.5;;151015_5_ma0/3235;1;1;1;1;10.00;;;;
241;2014-01-02;1;35;1;35.1;;;;15.0;;;1;1;;;13.00;2015-04-01;;;
242;2014-01-02;1;35;1;35.2;;;;15.0;;;1;1;;;13.00;2014-09-01;;;
243;2014-01-02;1;35;1;35.3;;;;15.0;;;1;1;;;13.00;2014-10-18;;;
244;2014-01-02;1;36;1;36.1;;;;15.0;;;1;1;;;9.00;2014-12-20;;Spezialpreis kürzere Arbeitszeit;
245;2014-01-02;1;36;1;36.2;EM003;;;15.0;;;1;1;;1;5.00;;;Spezialpreis kürzere Arbeitszeit/Reduktion Knopf;
246;2014-06-07;1;36;1;36.3;EM003;;c246,c398,c259;13.5;;151015_2_ma0/3136;1;1;1;1;10.00;;;;
247;2014-06-07;1;36;1;36.4;EM003;;c110,c106;12.5;;151015_4_ma0/3193;1;1;1;1;9.00;;;;
248;2014-06-07;1;36;1;36.5;EM003;;c226,c240,c259;12.5;;151121_3_ma0/3479;1;1;1;1;9.00;;;;
249;2014-06-25;1;36;1;36.6;EM003;;c110,c263;14.0;;151018_1_ma0/3303;1;1;1;1;10.00;;;;
250;2014-01-02;1;37;1;37.1;;;;15.0;;;1;1;;;9.00;2015-10-03;;Spezialpreis;
251;2014-01-02;1;37;1;37.2;;;;15.0;;;1;1;;1;9.00;;;Spezialpreis;
252;2014-01-02;1;37;1;37.3;;;;14.0;;;1;1;;1;9.00;;;;
253;2014-01-02;1;37;1;37.4;;;;15.0;;;1;1;;;9.00;2015-10-03;;Spezialpreis;
254;2014-04-18;1;37;1;37.5;;;;12.5;;;1;1;1;1;7.00;;;;
255;2014-04-18;1;37;1;37.6;;;c253,c162,c106;12.5;;151018_2_ma0/3351;1;1;1;1;7.00;;;;
256;2014-04-18;1;37;1;37.7;;;c110,c106,c115,c281;13.0;;151015_5_ma0/3240;1;1;1;1;9.00;;;Spezialpreis;
257;2014-02-14;1;37;1;37.8;;;c244,c212,c245,c262;12.5;;151121_3_ma0/3478;1;1;1;1;7.00;;;;
258;2014-02-14;1;37;1;37.9;;;c192,c115,c281,c208;13.0;;151015_4_ma0/3233;1;1;1;1;9.00;;;;
259;2014-06-21;1;37;1;37.10;;;c244,c253,c106;12.5;;151015_3_ma0/3170;1;1;1;1;7.00;;;;
260;2014-06-21;1;37;1;37.11;;;;13.0;;;1;1;;;7.00;2015-04-01;;;
261;2014-06-21;1;37;1;37.12;;;c106,c110;12.5;;151015_4_ma0/3194;1;1;1;1;7.00;;;;
262;2014-06-21;1;37;1;37.13;;;;13.0;;;1;1;;;7.00;2014-12-06;;;
263;2014-10-05;1;37;1;37.14;;;;13.5;;;1;1;;;9.00;2014-12-06;;;
264;2014-10-17;1;37;1;37.15;;;c110,c106,q99;13.5;;151018_1_ma0/3308;1;1;1;1;9.00;;;;
265;2014-01-02;1;38;1;38.1;;;;15.0;;;1;1;;;12.00;2014-10-18;;;
266;2014-01-02;1;39;1;39.1;;;;16.0;;;1;1;;1;19.00;;;;
267;2014-01-02;1;40;1;40.1;;;;15.0;;;1;1;;;16.00;2014-11-01;;;
268;2014-01-02;1;41;1;41.1;;;;16.0;;;1;1;;1;13.00;;;;
269;2014-01-02;1;42;1;42.1;;;;17.5;;;1;1;;1;10.00;;;;
270;2014-01-02;1;43;1;43.1;;;;15.0;;;1;1;;1;13.50;;;;
271;2014-01-02;1;44;1;44.1;63475;;;17.0;;;1;1;;1;25.50;;;;
272;2014-01-02;1;44;1;44.2;63475;;;16.0;;;1;1;;1;24.00;;;;
273;2014-02-14;1;44;1;44.3;63475;;;17.0;;;1;1;;1;25.50;;;;
274;2014-02-14;1;44;1;44.4;63475;;;13.0;;;1;1;;;19.00;2015-07-04;;;
275;2014-05-18;1;44;1;44.5;63475;;c106,c110,c226,c113;15.0;;151121_3_ma0/3485;1;1;1;1;22.50;;;;
276;2014-01-02;1;45;1;45.1;64374;;;15.0;;;1;1;;1;22.50;;;;
277;2014-02-14;1;45;1;45.2;64374;;;16.0;;;1;1;;1;28.00;;;;
278;2014-06-07;1;45;1;45.3;64374;;;14.0;;;1;2;;;20.00;2015-07-04;;;
279;2014-01-02;1;46;1;46.1;;;;16.0;;;1;1;;1;24.00;;;;
280;2014-01-02;1;47;1;47.1;;;;14.5;;;1;1;;1;14.00;;;;
281;2014-01-02;1;48;1;48.1;;;;15.0;;;1;1;;1;18.50;;;;
282;2014-01-02;1;49;1;49.1;;;;13.0;;;1;1;;1;19.50;;;;
283;2014-01-02;1;49;1;49.2;;;;14.5;;;1;1;;1;22.50;;;;
284;2014-01-02;1;50;1;50.1;;;;14.0;;;1;1;;1;15.00;;;;
285;2014-01-02;1;50;1;50.2;;;;15.0;;;1;1;;1;15.00;;;;
286;2014-01-02;1;50;1;50.3;;;;14.0;;;1;1;;1;15.00;;;;
287;2014-01-02;1;50;1;50.4;;;;14.5;;;1;1;;;14.00;2014-06-01;;;
288;2014-04-18;1;50;1;50.5;;;c110,c106,c113,c226;13.0;;151121_3_ma0/3487;1;1;1;1;13.50;;;;
289;2014-04-18;1;50;1;50.6;;;c113,c226,c124,c247;12.5;;151121_2_ma0/3413;1;1;1;1;13.00;;;;
290;2014-06-07;1;50;1;50.7;;;c110,c124,c173,c106;12.5;;151018_1_ma0/3317;1;1;1;1;13.00;;;;
291;2014-06-25;1;50;1;50.8;;;;13.0;;;1;1;;;13.00;2014-12-06;;;
292;2014-06-25;1;50;1;50.9;;;c110,c113,c385,c106;13.0;;151121_2_ma0/3407;1;1;1;1;13.50;;;;
293;2014-09-21;1;50;1;50.10;;;;14.0;;;1;1;;;14.00;2014-11-15;;;
294;2014-09-21;1;50;1;50.11;;;;13.5;;;1;1;;;13.00;2014-09-01;;;
294;2014-11-30;1;50;2;50.11;;;c110,c106,c387,c172;12.5;;151018_1_ma0/3299;1;1;1;1;13.50;;;;
296;2014-10-05;1;50;1;50.12;;;;13.0;;;;1;;;13.00;2014-09-01;;;
297;2014-11-30;1;50;1;50.13;;;c110,c162,c257,c106;13.0;;151018_1_ma0/3306;1;1;1;1;13.50;;;;
298;2014-11-30;1;50;1;50.14;;;c162,c254,c106,c257;13.0;;151018_1_ma0/3311;1;1;1;1;13.50;;;;
299;2014-11-30;1;50;1;50.15;;;c110,c106,c222,c114;13.0;;151015_2_ma0/3121;1;1;1;1;13.50;;;;
300;2014-11-30;1;50;1;50.16;;;c244,c212,c245,c205;12.5;;151121_2_ma0/3425;1;1;1;1;13.00;;;;
301;2015-01-01;1;50;1;50.17;;;c113,c226,c389,c385;12.0;;151015_3_ma0/3166;1;1;1;1;12.00;;;;
302;2015-04-18;1;50;1;50.18;;;c192,c110,c208,c280;14.5;;151015_5_ma0/3236;1;1;1;1;14.50;;;;
303;2015-04-18;1;50;1;50.19;;;;13.0;;151121_2_ma0/3430;1;1;1;1;13.50;;;;C206 nicht gefunden, vorher c206,c212,c384,c245
304;2015-04-18;1;50;1;50.20;;;;13.5;;;1;1;1;1;13.00;;;;
305;2015-07-04;1;50;1;50.21;;o16;;21.0;;;1;1;;;22.00;2015-07-04;;;
306;2014-01-02;1;51;1;51.1;;;;15.0;;;1;1;;1;18.50;;;;
307;2014-01-02;1;52;1;52.1;;;;12.0;;;1;1;;1;16.00;;;;
308;2014-01-02;1;53;1;53.1;;;;15.0;;;1;1;;1;16.50;;;;
309;2014-01-02;1;54;1;54.1;;;;13.5;;;1;1;;;13.00;2014-10-18;;;
310;2014-01-02;1;55;1;55.1;;;;15.0;;;1;1;;1;20.50;;;;
311;2014-01-02;1;56;1;56.1;53499;;;13.5;;;1;1;;1;19.00;;;;
312;2014-12-20;1;56;1;56.2;53499;o10;;13.0;;;1;1;;;17.00;2014-12-20;;;
313;2015-01-01;2;56;1;56.3;53499;;;7.0;;;1;2;;;10.00;2015-07-01;;;
314;2014-01-02;1;57;1;57.1;;;;15.0;;;1;1;;1;20.50;;;;
315;2014-01-02;1;58;1;58.1;;;;15.5;;;1;1;;1;20.00;;;;
316;2014-01-02;1;59;1;59.1;;;;15.0;;;1;1;;1;22.50;;;;
317;2014-01-02;1;60;1;60.1;;;;14.0;;;1;1;;1;21.00;;;;
318;2014-01-02;1;61;1;61.1;;;;15.0;;;1;1;;1;18.50;;;Spezialpreis: einfaches Muster;
319;2014-01-02;1;62;1;62.1;;;;15.0;;;1;1;;1;20.50;;;;
320;2014-01-02;1;63;1;63.1;46;;;14.5;;;1;1;;1;19.50;;;;
321;2014-11-15;1;63;1;63.2;46;;;13.0;;151121_2_ma0/3437;1;2;1;1;17.00;;;;c355 nicht gefunden, vorher c253,c355,c241,c389
322;2015-08-14;1;63;1;63.3;46;;c106,c100,c280,c208;14.5;;151015_4_ma0/3212;1;2;1;1;20.50;;;;
323;2015-08-16;1;63;1;63.4;46;;c192,c106,c282,c226;13.5;;151018_2_ma0/3338;;1;1;1;17.00;;;;
324;2014-01-02;1;64;1;64.1;51866;;;14.5;;;1;1;;;22.00;;2014-12-01;Geschenk;
325;2014-01-02;1;65;1;65.1;;;;14.0;;;1;1;;1;15.00;;;;
326;2014-01-02;1;66;1;66.1;;;;15.0;;;1;1;;1;20.50;;;;
327;2014-01-02;1;67;1;67.1;;;;15.5;;;1;1;;1;18.00;;;;
328;2014-01-02;1;68;1;68.1;;;;14.5;;;1;1;;;15.00;2015-04-18;;;
329;2014-01-02;1;69;1;69.1;;;;14.5;;;1;1;;1;20.50;;;;
330;2014-01-02;1;70;1;70.1;;;;15.0;;;1;1;;1;19.00;;;;
331;2014-01-02;1;70;1;70.2;;;;15.0;;;1;1;;1;19.00;;;;
332;2014-01-02;1;71;1;71.1;;;;15.5;;;1;1;;;17.00;2014-12-06;;;
333;2014-01-02;1;72;1;72.1;;;;16.0;;;1;1;;1;20.00;;;;
334;2014-01-02;1;73;1;73.1;;;;14.5;;;1;1;;1;18.50;;;;
335;2014-01-02;1;74;1;74.1;;;;14.0;;;1;1;;;18.00;2014-12-20;;;
336;2014-01-02;1;75;1;75.1;;;;15.0;;;1;1;;1;15.00;;;;
337;2014-01-02;1;76;1;76.1;;;;13.0;;;1;1;;1;21.50;;;;
338;2014-01-02;1;77;1;77.1;;;;14.0;;;1;1;;1;15.00;;;;
339;2014-01-02;1;78;1;78.1;;;;14.0;;;1;1;;1;19.00;;;;
340;2014-01-02;1;79;1;79.1;;;;14.0;;;1;1;;1;17.00;;;;
341;2014-01-02;1;80;1;80.1;;;;15.0;;;1;1;;1;15.00;;;;
342;2014-01-02;1;81;1;81.1;;;;16.0;;;1;1;;1;30.00;;;;
343;2014-01-02;1;81;1;81.2;;;;15.0;;;1;1;;1;25.00;;;;
344;2014-01-02;1;82;1;82.1;;;;15.0;;;1;1;;1;33.50;;;;
345;2014-01-02;1;83;1;83.1;;;;15.0;;;1;1;;1;35.50;;;;
346;2014-01-02;1;84;1;84.1;;;;16.5;;;1;1;;;29.00;2015-07-04;;;
347;2014-01-02;1;84;1;84.2;;;;15.0;;;1;1;;1;33.50;;;;
348;2014-01-02;1;85;1;85.1;;;;14.5;;;1;1;;;26.00;2014-11-15;;;
349;2014-01-02;1;86;1;86.1;;;;15.5;;;1;1;;1;46.00;;;;
350;2014-01-02;1;87;1;87.1;;;;16.0;;;1;1;;1;28.00;;;;
351;2014-01-02;1;88;1;88.1;;;;15.0;;;1;1;;1;30.00;;;;
352;2014-02-14;1;89;1;89.1;3612;;c113,c212,c205,c208;13.0;;151018_1_ma0/3289;1;1;1;1;17.50;;;;
353;2015-07-04;1;89;1;89.2.1;3612;o17;;14.0;;;;1;;;19.00;2015-07-01;;;
354;2015-07-04;1;89;1;89.2.2;3612;o18;;17.0;;;;1;;;23.50;2015-07-01;;;
355;2014-06-25;1;89;1;89.3;3612;;c124,c164,c261,c247;13.0;;151018_1_ma0/3316;1;1;1;1;17.50;;;;
356;2014-02-14;1;90;1;90.1;63493;;c113,c110;12.0;;151121_3_ma0/3470;1;1;1;1;22.00;;;;
357;2014-02-14;1;91;1;91.1;28;;;13.0;;;1;1;;;13.00;2015-04-18;;;
358;2014-02-14;1;92;1;92.1;76447;;;12.0;;;1;1;;1;16.00;;;;
359;2014-04-18;1;92;1;92.2;76447;;c110,c115,c244,c241;13.0;;151121_3_ma0/3474;1;2;1;1;17.00;;;;
360;2014-02-14;1;93;1;93.1;;;;15.0;;;1;1;;1;26.00;;;;
361;2014-02-14;1;94;1;94.1;;;;12.0;;;1;1;;1;12.00;;;;
362;2014-02-14;1;95;1;95.1;;;;13.0;;;1;1;;1;9.00;;;;
363;2014-02-14;1;96;1;96.1;;;;15.5;;;1;1;;1;12.00;;;;
364;2014-04-18;1;97;1;97.1;76740;;;14.5;;;1;2;;;12.00;2014-11-15;;;
365;2014-04-18;1;97;1;97.2;76740;;c110,c105,c390;14.0;;151015_4_ma0/3226;1;2;1;1;13.00;;;;
366;2014-02-14;1;98;1;98.1;;;;12.0;;;1;1;;1;14.00;;;;
367;2014-02-14;1;99;1;99.1;1504;;sx-wolke,c282;13.5;;151121_2_ma0/3410;1;1;1;1;12.00;;;;
368;2014-02-14;1;100;1;100.1;77016;;c106,c114,c110;14.0;;151015_2_ma0/3133;1;1;1;1;24.00;;;;
369;2014-02-14;1;100;1;100.2;77016;;c162,c105,c282;11.5;;151121_2_ma0/3441;1;1;1;1;19.00;;;;
370;2015-09-26;1;100;1;100.3;77016;;c226,c208,c113;13.0;;151015_5_ma0/3248;1;1;1;1;22.00;;;;
371;2014-02-14;1;101;1;101.1;;;;16.5;;;1;1;;;7.00;2014-12-06;;Spezielpreis: einfaches Muster;
372;2014-02-14;1;102;1;102.1;;;;15.5;;;1;1;;1;9.00;;;;
373;2014-02-14;3;103;1;103.1;;;;16.5;;;1;1;;1;28.00;;;;
374;2014-02-14;1;104;1;104.1;41;;c208,c106,c110,c115,c281;15.0;;151015_5_ma0/3241;1;1;1;1;15.50;;;;
375;2014-04-18;1;104;1;104.2;41;;c282,c106,c110,c192,c226;13.0;;151018_2_ma0/3333;1;1;1;1;12.50;;;;
376;2014-04-18;1;104;1;104.3;41;;c105,c246,c114,c257,c254;12.5;;151015_2_ma0/3134;1;1;1;1;12.00;;;;
377;2014-04-18;1;104;1;104.4;41;;c105,c254,c162,c385,c253;13.5;;151018_2_ma0/3341;1;1;1;1;14.00;;;;
378;2014-04-18;1;104;1;104.5;41;;c110,c114,c259,c246,c106;12.5;;151015_2_ma0/3137;1;1;1;1;12.00;;;;
379;2014-04-18;1;104;1;104.6;41;;c245,c192,c110,c389,c241;13.0;;151015_5_ma0/3256;1;2;1;1;12.00;;;;
380;2014-04-18;1;104;1;104.7;41;;c244,c106,c110,c253,c385;12.5;;151015_3_ma0/3171;1;1;1;1;12.00;;;;
381;2014-05-18;1;104;1;104.8;41;;;13.5;;;1;2;;;12.00;2014-12-20;;;
382;2014-06-25;1;104;1;104.9;41;;;13.5;;;1;1;;;12.00;2014-10-18;;;
383;2014-06-25;1;104;1;104.10;41;;c244,c106,c226,c253,c385;13.0;;151015_3_ma0/3169;1;1;1;1;12.00;;;;
384;2015-01-01;1;104;1;104.11;41;;;13.5;;151018_2_ma0/3334;1;2;1;1;13.50;;;;C127 nicht gefunden, vorher c192,c173,c127,c282,c223
385;2015-01-01;1;104;1;104.12;41;;c241,c257,c110,c389,c212;13.0;;151121_3_ma0/3476;1;2;1;1;12.00;;;;
386;2015-01-01;1;104;1;104.13;41;;c100,c106,c110,c280,c208;13.5;;151015_4_ma0/3211;1;2;1;1;13.50;;;;
387;2015-02-22;1;104;1;104.14;41;;c226,c106,c110,c282,c192;13.0;;;1;2;;;12.00;2015-10-03;;;
388;2015-02-22;1;104;1;104.15;41;;c387,c106,c110,c172;14.0;;151018_1_ma0/3295;1;2;1;1;14.00;;;;
389;2015-04-18;1;104;1;104.16;41;;c254,c257,c387,c257,c105;14.0;;151015_3_ma0/3150;1;1;1;1;14.00;;;;
390;2014-04-18;1;105;1;105.1;76538;;c110,c208,c115,c281;12.5;;151015_4_ma0/3231;1;1;1;1;12.00;;;;
391;2014-04-18;1;105;1;105.2;76538;;c162,c106,c385,c253;13.0;;151018_2_ma0/3342;1;1;1;1;13.50;;;;
392;2014-02-14;1;106;1;106.1;;;;15.5;;;1;1;;1;12.00;;;;
393;2014-02-14;3;107;1;107.1;;;;16.0;;;1;1;;1;32.00;;;;
394;2014-04-18;1;108;1;108.1;1661;;c226,c244,c385,c113;13.5;;151015_3_ma0/3164;1;1;1;1;9.00;;;;
395;2014-04-18;1;108;1;108.2;1661;;c253,c385,c257,c254;12.5;;151018_2_ma0/3354;1;1;1;1;8.00;;;;
396;2014-04-18;1;108;1;108.3;1661;;c385,c110,c226,c257;12.5;;151015_3_ma0/3167;1;1;1;1;8.00;;;;
397;2014-02-14;1;109;1;109.1;;;;16.0;;;1;1;;1;10.00;;;;
398;2014-02-14;3;110;1;110.1;;;;25.5;;;1;1;;1;39.00;;;;
399;2014-02-14;1;111;1;111.1;324;;c110,c113,c208;13.0;;151015_5_ma0/3249;1;1;1;1;13.50;;;;
400;2014-02-14;1;112;1;112.1;218;;c113,c110,c226;12.5;;151121_3_ma0/3481;1;1;1;1;10.00;;;;
401;2014-04-18;1;112;1;112.2;218;;;12.0;;;1;1;;;10.00;2014-11-15;;;
402;2014-04-18;1;112;1;112.3;218;;c162,c257,c254,c253;13.5;;151018_2_ma0/3340;1;1;1;1;12.00;;;;
403;2014-04-18;1;112;1;112.4;218;;c201,c384,c385,c128,c173;13.5;;151121_2_ma0/3403;1;2;1;1;12.00;;;;
404;2014-04-18;1;112;1;112.5;218;;c115,c189,c386,c100,c389;13.0;;;1;2;;;11.50;;2015-10-03;Geschenk;
405;2014-03-22;2;113;1;113.1;76127;;c384,c110,c208,c280;9.0;;;1;2;1;1;26.00;;;;
406;2014-03-22;2;114;1;114.1;64694;;c106,c110,c240,c244,c212,c245,c249;5.0;;;1;2;1;1;12.00;;;;
407;2014-03-22;2;115;1;115.1;76715;;c244,c205,c245,c208,c280,c106,c100,c173,c247,c261;7.5;;;1;2;1;1;20.00;;;;
408;2014-03-22;2;116;1;116.1;75961;;c110,c245,c113,c226,c173,c261;9.0;;;1;2;1;1;22.50;;;;
409;2014-03-22;2;117;1;117.1;63587;;;8.5;;;1;2;1;1;25.00;;;;C103 nicht gefunden, vorher c110,c254,c146,c128,c398,c246,c103
410;2014-03-22;2;118;1;118.1;53874;;c244,c212,c241,c205,c245,c208;5.5;;;1;2;1;1;14.00;;;;
411;2014-03-22;2;119;1;119.1;76165;;;9.0;;;1;2;1;1;19.00;;;;C103 nicht gefunden, vorher c282,c110,c172,c389,c103
412;2014-03-22;2;120;1;120.1;78370;;c173,c261,c280,c110,c208,c100;7.0;;;1;2;1;1;15.00;;;;
413;2014-03-22;2;121;1;121.1;77611;;c110,c106,c212,c226,c282,c205,c245,c128;9.0;;;1;2;1;1;26.00;;;;
414;2014-03-22;2;122;1;122.1;60775;;;8.5;;;1;2;1;1;18.00;;;;C284 nicht gefunden, vorher c247,c124,c201,c284,c281,c280
415;2014-03-22;2;122;1;122.2;60775;;c192,c383,c384,g121,c106,c110;8.5;;;1;2;1;1;17.00;;;;
416;2014-03-22;2;122;1;122.3;60775;;;9.0;;;1;2;;;15.00;2014-11-15;;;
417;2014-03-22;2;123;1;123.1;83868;;c254,c257,c253,c113,c385,c114;8.5;;;1;2;1;1;15.50;;;;
418;2014-03-22;2;124;1;124.1;52111;;;7.0;;;1;2;;;11.00;2014-10-18;;;
419;2014-03-22;2;125;1;125.1;4222;;c128,c205,c245;8.5;;;1;2;1;1;14.50;;;;
420;2014-03-22;2;126;1;126.1;77863;;;5.0;;;1;2;;;9.00;2014-07-01;;;
421;2014-03-22;2;127;1;127.1;53784;;c113,c226,c105,c162;6.0;;;1;2;1;1;11.00;;;;
422;2014-03-22;2;127;1;127.2;53784;;c261,c247,c173,c162,c106;6.0;;;1;1;1;1;11.00;;;;
423;2014-03-22;2;128;1;128.1;3615;;;7.0;;;1;1;;;13.00;2014-12-06;;;
424;2014-03-22;2;129;1;129.1;55421;;c115,c106;7.5;;;1;1;1;1;16.00;;;;
425;2014-03-22;2;130;1;130.1;52406;;;6.0;;;1;1;;;19.00;2014-07-05;;;
426;2014-03-22;2;131;1;131.1;37648;;;8.0;;;1;1;;;14.00;2014-07-05;;;
427;2014-11-30;2;131;1;131.2;37648;;c110,g144,g160;4.0;;;1;1;1;1;12.00;;;;
428;2015-02-20;2;131;1;131.3;37648;;g4,g118,g160;4.0;;;1;2;1;1;12.00;;;;
429;2014-03-22;2;132;1;132.1;5;;c192,c110,c106;9.5;;;1;1;1;1;14.00;;;;
430;2014-03-22;2;133;1;133.1;;;;5.5;;;1;1;;;14.00;2014-10-18;;;
431;2014-04-18;2;134;1;134.1;77479;;;8.0;;;1;2;;;9.00;2014-11-15;;;
432;2014-04-18;2;135;1;135.1;78245;;c205,c384,c110;8.0;;;1;2;1;1;17.00;;;;
433;2014-04-18;2;136;1;136.1;78459;;;6.5;;;1;2;;;15.00;2014-11-15;;;
434;2014-04-18;2;137;1;137.1;2119;;;9.5;;;1;2;;;14.00;2014-07-05;;;
435;2014-10-14;2;137;1;137.2;2119;;;10.5;;;1;2;;;15.00;2014-11-15;;;
436;2014-11-30;2;137;1;137.3;2119;;;8.0;;;1;2;;;13.00;2014-12-06;;;
437;2014-12-13;2;137;1;137.4;2119;;c100,c110,c173,c280,c384,c208,c164,c205,c244,g198;9.0;;;1;2;1;1;17.00;;;;
438;2014-04-18;1;138;1;138.1;63455;;c106,c100,c280,c212,c110,c245,c113,c244,c205;14.5;;;1;2;1;1;27.50;;;;
439;2014-04-18;1;139;1;139.1;76622;;c172,c110,c128,c226,c253;11.5;;151015_3_ma0/3159;1;2;1;1;17.00;;;;
440;2014-04-18;3;140;1;140.1;1948;;;18.5;;;1;2;;;30.00;2014-12-20;;;
441;2015-02-26;3;140;1;140.2;1948;;q118,q97,q44,q117;18.5;;;1;2;1;1;36.00;;;;
442;2014-04-18;3;141;1;141.1;52455;;c113,c110,c383,c208,c280;20.5;;;1;2;1;1;59.00;;;;
443;2014-04-18;1;142;1;142.1;77614;;c113,c208,c110;13.5;;151015_5_ma0/3245;1;1;1;1;35.00;;;;
444;2014-04-18;1;143;1;143.1;78144;;c110,c172,c192;15.5;;;1;2;1;1;29.00;;;;
445;2014-05-29;1;143;1;143.2;78144;;c124,c247,c192;15.5;;;1;2;1;1;29.00;;;;
446;2014-04-18;1;144;1;144.1;76720;;c388,c385,c110,c105;11.5;;151121_2_ma0/3438;1;2;1;1;9.00;;;;
447;2014-05-18;1;144;1;144.2;76720;;c106,c257,c110,c385;12.5;;;1;2;1;1;11.00;;;;
448;2014-06-21;1;144;1;144.3;76720;;c245,c205,c110,c192;13.5;;151121_1_ma0/3400;1;1;1;1;11.00;;;;
449;2014-06-21;1;144;1;144.4;76720;;c173,c247,c110,c208;13.5;;151121_2_ma0/3428;1;1;1;1;12.00;;;;
450;2014-09-21;1;144;1;144.5;76720;;c226,c282,c106,c192;12.5;;151018_2_ma0/3325;1;1;1;1;11.50;;;;
451;2015-08-14;1;144;1;144.6;76720;;c253,c385,c110,c282;13.0;;151015_3_ma0/3161;1;1;1;1;11.50;;;;
452;2015-08-14;1;144;1;144.7;76720;;c254,c257,c110,c201;13.0;;151015_3_ma0/3138;1;1;1;1;11.50;;;;
453;2015-08-14;1;144;1;144.8;76720;;c383,c249,c106,c241;13.0;;151121_2_ma0/3414;1;1;1;1;11.50;;;;
454;2014-04-18;1;145;1;145.1;3011;;;11.5;;;1;2;;;13.00;2014-11-01;;;
455;2014-04-18;1;146;1;146.1;76408;;c201,c173,c110;11.0;;151018_1_ma0/3322;1;2;1;1;14.00;;;;
456;2014-04-18;1;147;1;147.1;77766;;c124,c261,c208,c173;12.0;;151121_2_ma0/3402;1;2;1;1;24.00;;;;
457;2014-04-18;1;148;1;148.1;75950;;c240,c280,c226,c128;12.5;;151015_5_ma0/3252;1;2;1;1;15.00;;;;
458;2014-04-18;1;227;1;149.1;;;;13.0;;;1;2;;1;9.00;;;Spezialpreis: geflickt;
459;2014-10-05;1;149;1;149.2;2;;c110,c106;13.5;;151015_4_ma0/3183;1;1;1;1;10.00;;;;
460;2014-04-18;1;150;1;150.1;1;;;14.5;;;1;2;;1;7.00;;;;
461;2014-04-18;1;151;1;151.1;78005;;c162,c106,c253;12.0;;151018_2_ma0/3346;1;1;1;1;10.00;;;;
462;2014-04-18;1;151;1;151.2;78005;;c110,c106,c192;13.0;;151015_5_ma0/3258;1;1;1;1;11.00;;;;
463;2014-05-01;1;151;1;151.3;78005;;c124,c146,c106;13.5;;151018_1_ma0/3323;1;1;1;1;12.00;;;;
464;2014-05-01;1;151;1;151.4;78005;;;13.5;;;1;1;;;11.00;2014-12-06;;;
465;2014-04-18;1;152;1;152.1;;;;13.0;;;1;1;;;7.00;2015-04-18;;;
466;2014-04-18;1;152;1;152.2;;;;12.0;;;1;1;1;1;6.00;;;;
467;2014-04-18;1;153;1;153.1;EM001;;c259,c110,c114,c106,c246;12.5;;151015_2_ma0/3119;1;1;1;1;11.50;;;;
468;2014-04-18;1;154;1;154.1;;;;18.5;;;1;1;;1;47.00;;;;
469;2014-04-18;1;155;1;155.1;;;;18.5;;;1;1;;1;31.00;;;Spezialpreis: zu lang!;
470;2014-04-18;1;156;1;156.1;;;;17.5;;;1;1;;1;30.00;;;;
471;2014-04-18;1;157;1;157.1;77282;;c128,c226,c110;14.0;;151018_2_ma0/3339;1;1;1;1;15.00;;;;
472;2014-04-18;1;157;1;157.2;77282;;;12.0;;;1;1;;;12.00;2014-12-06;;;
473;2014-05-01;1;157;1;157.3;77282;;c205,c106,c212;14.0;;151018_1_ma0/3281;1;2;1;1;15.00;;;;
474;2014-05-01;1;157;1;157.4;77282;;c208,c110,c280;12.5;;151015_4_ma0/3216;1;1;1;1;12.00;;;;
475;2014-06-07;1;157;1;157.5;77282;;c385,c244,c253;12.0;;151015_3_ma0/3173;1;1;1;1;12.00;;;;
476;2014-06-07;1;157;1;157.6;77282;;c115,c110,c386;14.5;;151015_4_ma0/3228;1;2;1;1;16.00;;;;
477;2014-06-21;1;157;1;157.7;77282;;c384,c106,c201;14.0;;151015_3_ma0/3158;1;2;1;1;15.00;;;;
478;2014-09-21;1;157;1;157.8;77282;;c248,c110,c387;14.0;;151018_1_ma0/3297;1;1;1;1;15.00;;;;
479;2014-04-20;1;158;1;158.1;79145;;c162,c106,c385;13.5;;151018_2_ma0/3344;1;2;1;1;16.00;;;;
480;2014-05-01;1;158;1;158.2;79145;;c110,c113,c253;13.0;;151121_2_ma0/3408;1;1;1;1;15.50;;;;
481;2014-06-21;1;158;1;158.3;79145;;c201,c384,c192;14.5;;151015_3_ma0/3153;1;2;1;1;18.00;;;;
482;2014-05-01;1;159;1;159.1;77157;;;15.5;;;1;2;;;21.00;2014-12-20;;;
483;2015-06-21;1;159;1;159.2;77157;;c110,c130,c393,c242,g23,g124,c172,c106,q70;14.5;;151015_4_ma0/3188;1;2;1;1;22.50;;;;
484;2015-08-21;1;160;1;160.1;84122;;c110,c106,g23;13.5;;151015_4_ma0/3187;1;2;1;1;17.00;;;Spezialpreis kurze Arbeitszeit;
485;2014-05-01;1;161;1;161.1;79264;;c110,c100,c386,c390;14.5;;151015_5_ma0/3243;1;2;1;1;14.00;;;;
486;2014-05-01;1;162;1;162.1;79091;;c164,c106,c113,c226,c384;13.0;;151121_2_ma0/3406;1;2;1;1;11.50;;;;
487;2014-05-01;1;163;1;163.1;79213;;c386,c110,c385,c253,c100;15.0;;151121_2_ma0/3439;1;2;1;1;14.50;;;;
488;2014-05-18;1;163;1;163.2;79213;;c383,c110,c388,c212,c205;14.5;;151121_2_ma0/3440;1;2;1;1;12.00;;;;
489;2015-02-23;1;163;1;163.3;79213;;c164,c106,c247,c241,c244;15.0;;;1;2;1;1;13.00;;;;
490;2015-02-23;1;163;1;163.4;79213;;c282,c106,c226,c385,c253;15.0;;;1;2;1;1;13.00;;;;
491;2014-05-18;1;164;1;164.1;79679;;c106,c244,c212,c205,c245,c280,c100;13.0;;151121_2_ma0/3417;1;2;1;1;15.50;;;;
492;2014-06-25;1;164;1;164.2;79679;;c162,c110,c387,c254,c257,c130,c106;13.0;;151018_1_ma0/3302;1;1;1;1;15.00;;;;
493;2014-05-18;1;165;1;165.1;79594;;c106,c110,c246,c114;13.5;;151015_2_ma0/3125;1;2;1;1;14.00;;;;
494;2014-05-18;1;166;1;166.1;38136;;c192,c100;11.5;;151121_3_ma0/3475;1;2;1;1;15.00;;;;
495;2014-06-07;1;166;1;166.2;38136;;c244,c385;14.0;;151015_3_ma0/3179;1;1;1;1;19.00;;;;
496;2014-05-18;1;167;1;167.1;78979;;c385,c259,c253;13.0;;151018_2_ma0/3355;1;2;1;1;11.50;;;;
497;2014-06-25;1;167;1;167.2;78979;;c249,c383,c100;13.0;;151015_4_ma0/3217;1;2;1;1;11.00;;;;
498;2014-10-05;1;167;1;167.3;78979;;c114,c110,c106;13.5;;151015_2_ma0/3124;1;1;1;1;12.00;;;;
499;2014-05-18;1;168;1;168.1;79667;;c106,c172,c110,c212,c390;15.0;;151121_3_ma0/3472;1;2;1;1;14.50;;;;
500;2014-05-29;1;169;1;169.1;77988;;c173,c247,c106,c261,c124,c164,c189,c390,c115;14.0;;151015_3_ma0/3157;1;2;1;1;13.00;;;;
501;2014-06-25;1;169;1;169.2;77988;;;13.5;;;1;1;;;11.00;2014-06-01;;;
502;2014-06-25;1;169;1;169.3;77988;;c106,c385,c253,c110,c244,c128,c282,c226;13.0;;151015_3_ma0/3163;1;1;1;1;11.00;;;;
503;2015-04-18;1;169;1;169.4;77988;o15;;14.5;;;;1;;;12.00;2015-04-18;;;
504;2015-06-21;1;169;1;169.5;77988;;c162,c388,c383,c208,c105,c110;11.5;;151015_4_ma0/3224;1;1;1;1;10.00;;;;
505;2014-06-07;1;170;1;170.1;;;;12.0;;;1;1;1;1;7.00;;;;
506;2014-06-07;1;170;1;170.2;;;c128,c226;13.0;;;1;1;1;1;9.00;;;;
507;2014-06-25;1;170;1;170.3;;;c110,c106;12.0;;151015_4_ma0_/3191;1;1;1;1;8.00;;;;
508;2014-06-21;1;171;1;171.1;45068;;;14.0;;;1;2;;;25.00;2015-04-18;;;
509;2014-06-21;2;172;1;172.1;53014;;c106,c385,c244,c281,c390,c192,c253;7.5;;;1;2;1;1;18.00;;;;
510;2014-06-25;5;173;1;173.1;Perlen;;;13.5;;;1;1;1;1;15.50;;;;
511;2014-06-25;5;173;1;173.2;Perlen;;;13.5;;;1;1;1;1;15.50;;;;
512;2014-06-25;1;174;1;174.1;17806;;;13.0;;;1;1;;;12.00;2014-06-01;;;
513;2014-06-25;1;175;1;175.1;79963;;c110,c258;15.0;;151121_2_ma0/3442;1;2;1;1;24.50;;;;
514;2014-06-25;1;176;1;176.1;545;;;14.0;;;1;2;;;14.00;2015-07-04;;;
515;2014-10-15;1;176;1;176.2;545;;;12.0;;;1;2;;;12.00;;2015-03-01;Geschenk;
516;2015-08-18;1;177;1;177.1;87249;;c115,c280,g62,g159;13.5;;151015_5_ma0/3237;1;2;1;1;13.00;;;;
517;2014-06-25;1;178;1;178.1;80266;;c162,c385;13.0;;151018_2_ma0/3343;1;1;1;1;18.50;;;;
518;2014-07-02;1;179;1;179.1;44556;;c110,c113,c282,c261,c240,c384,c226,c106;14.0;;151121_2_ma0/3404;1;2;1;1;38.00;;;;
519;2014-07-05;1;180;1;180.1;;o6;;18.0;;;;1;;;12.00;2014-07-05;;;
520;2014-07-05;1;181;1;181.1;;o7;;18.0;;;;1;;;18.00;2014-07-05;;;
521;2014-09-21;1;182;1;182.1;19255;;;14.5;;;;1;;;15.00;2014-09-01;;;
521;2014-09-21;1;182;2;182.1;19255;;c244,c212,c208,c205,c192,c106,c110;14.5;;151121_1_ma0/3399;1;1;1;1;18.00;;;;
523;2014-09-21;1;183;1;183.1;80042;;c192,c282,c106,c226;13.0;;151018_2_ma0/3330;1;1;1;1;9.00;;;;
524;2014-09-21;1;183;1;183.2;80042;;c128,c124,c173,c201;15.0;;151121_2_ma0/3405;1;2;1;1;11.00;;;;
525;2014-09-21;1;183;1;183.3;80042;;c205,c383,c280,c249;14.0;;151121_2_ma0/3415;1;2;1;1;10.00;;;;
526;2014-09-21;1;183;1;183.4;80042;;;13.0;;;1;1;;;9.00;2014-09-01;;;
527;2014-09-21;1;184;1;184.1;;;;33.0;;;1;1;;1;3.00;;;;
528;2015-09-23;2;185;1;185.1;4549;;p82156,q87,c208;7.0;;;1;2;1;1;10.50;;;;
529;2014-09-21;1;186;1;186.1;;;;15.0;;;1;1;;;23.00;2014-12-20;;;
530;2014-09-21;1;186;1;186.2;;;c113,c226,c110,c282,c205;14.0;;151018_1_ma0/3291;1;1;1;1;24.00;;;;
531;2014-05-01;1;186;1;186.3;;;;13.0;;;1;1;1;1;19.00;;;;
532;2014-05-01;1;186;1;186.4;;;c384,c110,c106,c208,c383;13.5;;151121_2_ma0/3429;1;1;1;1;23.00;;;;
533;2014-09-21;1;187;1;187.1;;;;14.0;;;1;1;1;1;22.00;;;;
534;2015-09-23;2;188;1;188.1;5015;;c393,q16,p82133,q66;6.5;;;1;2;1;1;10.50;;;;
535;2014-09-21;1;189;1;189.1;78612;;c387,c247,c172,c106;13.0;;;1;2;1;1;9.00;;;;
536;2014-09-21;1;189;1;189.2;78612;;c387,c164,c172,c106;17.0;;;1;2;1;1;13.00;;;;
537;2015-08-14;1;189;1;189.3;78612;;c242,c281,c172,c106;14.5;;151121_3_ma0/3473;1;1;1;1;10.00;;;;
538;2015-08-14;1;189;1;189.4;78612;;c242,c208,c172,c106;14.0;;151015_4_ma0/3205;1;1;1;1;10.00;;;;
539;2014-09-21;1;190;1;190.1;80477;;c110,c205,c245,c384,c201;13.5;;;1;2;1;1;12.00;;;;
540;2014-09-21;1;190;1;190.2;80477;;c110,c205,c245,c384,c201;13.5;;;1;2;1;1;12.00;;;;
541;2015-02-23;1;190;1;190.3;80477;;c110,c261,c173,c106,c241;14.0;;151121_3_ma0/3465;1;2;1;1;12.00;;;;
541;2015-02-23;1;190;2;190.4;80477;;c110,c261,c173,c106,c241;16.0;;;1;2;1;1;14.00;;;;
543;2014-09-21;1;191;1;191.1;77425;;c106,c253,c244;13.5;;;1;2;1;1;11.00;;;;
544;2014-10-05;1;191;1;191.2;77425;;c106,c253,c244;13.0;;;1;2;1;1;11.00;;;;
545;2015-03-08;1;191;1;191.3;77425;;c110,c226,c282;13.0;;151121_3_ma0/3482;1;2;1;1;11.50;;;;
546;2014-09-21;1;192;1;192.1;79388;;c282,c113,c226,c100;12.0;;151015_5_ma0/3247;1;2;1;1;7.00;;;Fehler drin;
547;2014-09-21;1;193;1;193.1;1603;;c106,c385,c162,c253;13.0;;151018_2_ma0/3348;1;1;1;1;11.00;;;;
548;2014-09-21;1;193;1;193.2;1603;;c106,c248,c110,c254;14.5;;151018_1_ma0/3294;1;1;1;1;14.00;;;;
549;2014-09-21;1;194;1;194.1;;;c162,c124,c384,c106;17.0;;;1;1;1;1;17.00;;;;
549;2014-09-21;1;194;2;194.1;;;c162,c124,c384,c106;14.5;;;1;1;1;1;14.00;;;;
551;2014-10-05;1;194;1;194.2;;;c162,c124,c384,c106;14.5;;151015_3_ma0/3139;1;1;1;1;14.00;;;;
552;2014-09-21;1;194;1;194.3;;;;14.0;;;1;1;1;1;14.00;;;;
553;2014-09-21;1;195;1;195.1;81070;;c162,c257,c385,c253;13.5;;151018_2_ma0/3353;1;1;1;1;14.00;;;;
554;2014-09-21;1;195;1;195.2;81070;;c192,c106,c226,c282;14.0;;151018_2_ma0/3329;1;1;1;1;15.00;;;;
555;2014-11-15;1;195;1;195.3;81070;;;14.0;;;;1;;;14.00;2014-12-06;;;
556;2014-09-21;1;196;1;196.1;81170;;c106,c130,c110;13.0;;151018_1_ma0/3301;1;1;1;1;9.00;;;;
557;2015-04-18;1;196;1;196.2;81170;;c385,c110,c282;14.5;;151015_3_ma0/3162;1;1;1;1;11.00;;;;
558;2015-05-15;1;196;1;196.3;81170;;c172,q87,c242;15.0;;151121_3_ma0/3459;1;2;1;1;11.00;;;;
559;2014-10-12;2;197;1;197.1;80862;;c162,c106;6.5;;;1;2;1;1;9.00;;;;
560;2014-11-15;2;197;1;197.2;80862;;c106,c162;7.0;;;1;1;1;1;9.00;;;;
561;2014-10-12;2;198;1;198.1;80643;;c106,c257,c254,c162,c110,c244,c253,c385;8.5;;;1;2;1;1;13.00;;;;
562;2014-10-12;2;199;1;199.1;81982;;;7.5;;;1;2;;;12.00;2014-11-15;;;
563;2014-12-13;2;200;1;200.1;25260;;c110,c208,c281,c115;7.0;;;1;2;1;1;14.00;;;;
564;2014-09-21;1;201;1;201.1;;;;13.0;;;1;1;;1;4.00;;;;
565;2014-10-05;1;201;1;201.2;;;;15.0;;;1;1;;1;4.00;;;;
566;2014-09-21;1;201;1;201.3;;;;13.5;;;1;1;;1;4.00;;;;
567;2014-10-12;2;202;1;202.1;81584;;c192,c110,c115,c390,c281,c208,c280;9.5;;;1;2;1;1;18.00;;;;
568;2014-10-12;2;203;1;203.1;81406;;;6.5;;;1;2;;;11.00;2014-12-20;;;
569;2014-10-12;2;204;1;204.1;75861;;c110,c253,c383;7.0;;;1;2;1;1;15.00;;;;
570;2014-10-12;2;205;1;205.1;43918;;;10.0;;;1;2;;;18.00;2014-11-15;;teurer da alles Kehrknöpfe;
571;2014-11-30;2;205;1;205.2;43918;;;9.5;;;1;2;;;18.00;2014-12-20;;teurer da alles Kehrknöpfe;
572;2015-02-20;2;205;1;205.3;43918;;;7.5;;;1;2;;;16.00;;2015-07-01;Geschenk;
573;2015-03-27;6;205;1;205.4;43918;;;7.5;;;1;2;;;16.00;;2015-03-01;Geschenk;
574;2015-09-23;2;205;1;205.5;43918;;c106,q79,c400,q88,q87,c115;7.0;;;1;2;1;1;15.00;;;;
575;2014-10-12;3;206;1;206.1;888;;;19.5;;;1;2;;;29.00;2014-11-01;;reduzierter Preis, da von uns falsche Anzahl Fäden berechnet;
576;2014-11-30;3;206;1;206.2;888;o8;;19.5;;;1;2;;;29.00;2014-11-01;;;
577;2014-12-06;3;206;1;206.3;888;;;19.5;;;1;2;;;31.00;2014-12-06;;;
578;2014-12-19;3;206;1;206.4;888;;c110,c115,c100,c281,c280,c208;19.0;;;1;2;1;1;34.00;;;;
579;2014-10-15;2;207;1;207.1;74486;;;8.0;;;1;2;;;11.00;2014-12-06;;;
580;2014-11-15;2;208;1;208.1;46575;;c226,c247,c388,c245;7.0;;;1;1;1;1;14.00;;;;
581;2014-11-15;2;209;1;209.1;2332;;c173,c201;5.5;;;1;2;1;1;13.00;;;;
582;2014-11-15;2;210;1;210.1;1718;;;6.0;;;1;2;;;12.00;;2015-01-01;Geschenk;
583;2014-11-15;2;211;1;211.1;58590;;c192,c115,c146,c281,c253,c208,c385,c106;9.5;;;1;2;1;1;20.00;;;;
584;2014-11-15;1;212;1;212.1;4966;;c249,c110,c208,c280,c282,c251,c226,c246;15.0;;151018_1_ma0/3269;1;2;1;1;19.50;;;;
585;2015-02-23;1;212;1;212.2;4966;;c212,c110,c205,c245,c201,c146,c173,c106;15.0;;151121_2_ma0/3432;1;2;1;1;19.50;;;;
586;2014-11-15;1;213;1;213.1;80920;;c212,c110,c105;14.5;;;1;1;1;1;8.00;;;;
586;2014-11-15;1;213;2;213.1;80920;;c212,c110,c105;14.5;;;1;1;1;1;8.00;;;;
588;2014-11-15;1;213;1;213.2;80920;;c192,c106,c110;14.5;;151015_5_ma0/3261;1;1;1;1;8.00;;;;
589;2014-11-15;1;214;1;214.1;3662;;c110,c106,c212;14.5;;151121_2_ma0/3420;1;1;1;1;16.00;;;;
590;2014-11-15;1;214;1;214.2;3662;;c110,c106,c192;15.0;;151015_5_ma0/3263;1;1;1;1;16.50;;;;
591;2014-11-15;1;215;1;215.1;80824;;c110,c173,c387,c247,c257,c263;13.0;;151015_3_ma0/3141;1;1;1;1;17.00;;;;
592;2014-11-15;1;215;1;215.2;80824;;c110,c106,c192,c173,c115,c390;13.0;;151121_3_ma0/3451;1;1;1;1;17.50;;;;
593;2014-11-15;2;216;1;216.1;80895;;;8.0;;;1;2;;;18.00;2014-11-15;;;
594;2014-11-23;2;216;1;216.2;80895;;c106,c253,c110;8.0;;;1;2;1;1;22.00;;;;
595;2014-11-15;2;217;1;217.1;82670;;;6.5;;;1;2;;;12.00;2014-11-15;;;
596;2015-02-20;2;217;1;217.2;82670;;g1,c110,g79,c162,c387,c257,g139;7.0;;;1;2;1;1;13.00;;;;
597;2015-03-21;4;217;1;217.3;82670;o12;;31-32;;;1;1;;;39.00;2015-03-21;;;
598;2015-04-04;1;217;1;217.4;82670;;;14.5;;;1;2;;;25.00;2015-04-01;;;
599;2015-06-21;1;217;1;217.5;82670;;c106,c110,c253,c162,c387,c257,q139;14.0;;151018_2_ma0/3347;;1;1;1;23.00;;;;
600;2014-11-15;2;218;1;218.1;83437;;;8.0;;;1;2;;;14.00;2014-11-15;;;
601;2014-11-15;2;219;1;219.1;63873;;c110,c128,c251,c226,c282;8.0;;;1;2;1;1;20.00;;;;
602;2014-11-23;2;220;1;220.1;78325;;c110,c113,c282,c128,c114,c222;8.5;;;1;2;1;1;25.00;;;;
603;2014-11-30;2;221;1;221.1;80792;;c192,c110,c389,c115,c106;6.5;;;1;2;1;1;10.00;;;;
604;2014-11-30;2;222;1;222.1;80408;;c385,c244,c100,c249,c383;8.0;;;1;2;1;1;13.00;;;;
605;2014-11-30;2;223;1;223.1;82641;;c110,c106,c249,c205,c208,c280;8.0;;;1;2;1;1;13.00;;;;
606;2014-11-30;2;224;1;224.1;63889;;;6.5;;;1;2;;;10.00;2014-12-06;;;
607;2014-11-30;1;225;1;225.1;3505;;c106,c173,c247,c261,c124,c164;13.0;;151018_1_ma0/3320;1;2;1;1;7.00;;;Preis alle gleich;
608;2014-11-30;1;225;1;225.2;3505;;c162,c257,c263,c244,c253,c385;13.5;;151018_2_ma0/3350;1;1;1;1;7.00;;;;
609;2014-12-13;1;225;1;225.3;3505;;c205,c389,c241,c146,c110,c201;13.5;;151121_2_ma0/3431;1;2;1;1;7.00;;;;
610;2014-12-19;1;225;1;225.4;3505;;c100,c386,c281,c390,c192,c115;13.0;;151015_4_ma0/3229;1;2;1;1;7.00;;;;
611;2015-02-23;1;225;1;225.5;3505;;c248,c257,c254,c244,c205,c212;13.5;;151121_3_ma0/3477;1;2;1;1;7.00;;;;
612;2015-02-23;1;225;1;225.6;3505;;c208,c249,c383,c245,c212,c205;14.0;;151121_2_ma0/3416;1;2;1;1;7.00;;;;
613;2015-02-23;1;225;1;225.7;3505;;c106,c226,c114,c128,c110,c192;13.0;;151018_2_ma0/3337;1;2;1;1;7.00;;;;
614;2014-11-30;1;226;1;226.1;83371;;;13.5;;151015_3_ma0/3165;1;1;1;1;14.00;;;;C224 nicht gefunden, vorher c224,c106,c253,c282,c385,c113,c226
615;2014-12-05;1;206;1;227.1;888;;c110,c115,c280,c208,c106,c281;13.5;;151015_4_ma0/3232;1;2;1;1;27.00;;;;
616;2014-12-06;1;228;1;228.1;;o9;;18.5;;;;1;;;34.00;2014-12-06;;;
617;2014-12-13;2;229;1;229.1;901;;c110,c173,c384,c201;7.0;;;1;2;1;1;16.50;;;;
618;2014-12-13;2;230;1;230.1;81510;;c100,c110,c280,c208,c383,c106,c212;6.5;;;1;2;1;1;14.00;;;;
619;2014-12-13;2;231;1;231.1;83779;;;5.5;;;1;2;;;11.00;2014-12-20;;;
620;2014-12-13;2;232;1;232.1;78412;;c110,c388,c130;7.0;;;1;2;1;1;15.00;;;;
621;2014-12-13;2;233;1;233.1;71633;;;6.0;;;1;2;;;12.00;2014-12-20;;;
622;2014-12-13;2;234;1;234.1;76714;;c110,c226,c192,c282,c113,c106,c173,c247,c164;5.5;;;1;2;1;1;15.00;;;;
623;2014-12-19;1;64;1;235.1;51866;;;11.5;;;1;2;;;17.00;2014-12-20;;bes kurz da für Kind gedacht darum Preisreduktion;
624;2015-02-23;1;64;1;235.2;51866;;c253,c110,c106,c385;15.0;;151015_3_ma0/3174;1;2;1;1;22.50;;;;
625;2015-02-23;1;64;1;235.3;51866;;c258,c110,c106,c246;15.0;;151121_3_ma0/3463;1;2;1;1;22.50;;;;
626;2015-03-01;1;64;1;235.4;51866;;c247,c173,c110,c106;15.0;;151018_1_ma0/3319;1;2;1;1;22.50;;;;
627;2014-12-19;2;236;1;236.1;118;;g160,c389,c241,c205,g118,g144,g88,c245,g198;9.0;;;1;2;1;1;13.50;;;;
628;2014-12-19;2;237;1;237.1;83654;;;8.0;;;1;2;;;13.00;2014-12-20;;;
629;2014-12-19;2;238;1;238.1;83944;;;5.0;;;1;2;;;12.00;;2015-01-01;Geschenk;
630;2015-01-01;2;238;1;238.2;83944;;;5.0;;;1;1;;;12.00;;2015-01-01;Geschenk;
631;2014-12-19;2;239;1;239.1;79964;;c110,c205;9.0;;;1;2;1;1;22.50;;;;
632;2014-12-19;1;240;1;240.1;82983;;c110,c130,c254,c257,c263;10.0;;151018_1_ma0/3292;1;2;1;1;16.00;;;;
633;2015-01-01;2;241;1;241.1;83402;;c110,c192,c383,c205,c245,c280;8.0;;;1;2;1;1;19.00;;;;
634;2015-01-01;2;242;1;242.1;84077;;g93,g59,g25,g79,c201,g178;7.0;;;1;2;1;1;14.00;;;;
635;2015-01-01;2;243;1;243.1;84195;;g213,g118,g25,g178;9.5;;;1;2;1;1;19.00;;;;
636;2015-01-01;2;244;1;244.1;83889;;g4,g166,g1,g180,g120,g107;8.0;;;1;2;1;1;12.00;;;;
637;2015-02-20;2;244;1;244.2;83889;;c110,g164,c172,g185,c106,g109;6.5;;;1;2;1;1;10.00;;;;
638;2015-01-01;2;245;1;245.1;83662;;g1,c172,c115,g23,c281,g70,g114,g4,g144;8.0;;;1;2;1;1;15.00;;;;
639;2015-01-01;3;246;1;246.1;83528;;g120,g198,c110,g178,g144;17.5;;;1;2;1;1;35.00;;;;
640;2015-08-14;1;246;1;246.2;83528;;c106,g198,c110,q80,q44;14.0;;151018_1_ma0/3288;1;1;1;1;28.00;;;;
641;2015-01-01;1;247;1;247.1;84111;;;13.5;;151121_3_ma0/3457;1;2;1;1;15.00;;;;C228 nicht gefunden, vorher c192,c228,c115,c106,c390,g70
642;2015-03-06;1;247;1;247.2;84111;;g120,sx-wolke,c106,c261,c254,c162;15.0;;151015_3_ma0/3145;1;2;1;1;16.50;;;;
643;2015-02-20;2;248;1;248.1;83879;;c106,c110;8.0;;;1;2;1;1;13.00;;;;
644;2015-03-06;1;248;1;248.2;83879;;;16.0;;;;2;;;22.00;2015-07-04;;;
645;2015-04-26;1;248;1;248.3;83879;;g4,g1;15.0;;151015_4_ma0/3192;1;2;1;1;22.50;;;;
646;2015-02-20;2;249;1;249.1;53698;;c192,c105;4.5;;;1;2;1;1;10.00;;;;
647;2015-02-20;2;250;1;250.1;79581;;c110,c115,c281,g107,c208,g93,c397;7.0;;;1;2;1;1;19.00;;;;
648;2015-02-20;2;251;1;251.1;79487;;g4,g180,g120,g33;7.0;;;1;2;1;1;12.00;;;;
649;2015-02-20;2;252;1;252.1;Rebo;;c192,c164,c115,g178,c390,g73,g159,c385,c208,g88,c208,g216,g14,c205;8.5;;;1;2;1;1;12.50;;;;
650;2015-10-03;1;252;1;252.2;Rebo;;;13.0;;;;2;;;15.50;;2015-10-01;Geschenk;
651;2015-02-20;2;253;1;253.1;83868;;c110,c208,c383,c208;5.5;;;1;2;1;1;11.00;;;;
652;2015-02-20;2;254;1;254.1;84376;;g68,g4,g139,g198,g144,g126,g93;7.0;;;1;2;1;1;12.50;;;;
653;2015-02-20;2;255;1;255.1;83365;;g25,c164,c115,c106,g33,g120;8.0;;;1;2;1;1;15.00;;;;
654;2015-02-20;2;256;1;256.1;1594;;c192,c385,c115,g73,c390,g88;8.0;;;1;2;1;1;12.00;;;;
655;2015-02-20;2;257;1;257.1;84106;;sx-pistazie,g198,g120,g87;5.5;;;1;2;1;1;9.00;;;;
656;2015-02-20;7;235;1;258.1;Eule;;;6.0;;;1;1;1;1;9.50;;;;
657;2015-02-20;7;235;1;258.2;Eule;;;6.0;;;1;2;1;1;9.50;;;;
658;2015-02-20;7;235;1;258.3;Eule;;;6.0;;;1;2;1;1;9.50;;;;
659;2015-02-20;7;258;1;258.4;Eule;;;4.0;;;1;1;1;1;9.50;;;;
660;2015-02-21;2;259;1;259.1;63236;;c389,c106,c241,c244;6.0;;;1;2;1;1;12.00;;;;
661;2015-02-23;3;260;1;260.1;5953;;c124,c400,g79,c397;19.5;;;1;2;1;1;39.00;;;;
662;2015-02-23;1;261;1;261.1;80897;;c254,c162,c257,c173,c263,c247,c261,c164;14.0;;151015_3_ma0/3149;1;2;1;1;19.00;;;;
663;2015-02-23;1;262;1;262.1;83833;;;12.5;;151018_1_ma0/3283;1;2;1;1;21.00;;;;C206 nicht gefunden, vorher c110,c128,c113,c245,c106,c206
665;2015-02-23;1;264;1;264.1;83458;;;14.5;;;1;2;;;10.00;2015-04-01;;;
666;2015-02-23;1;265;1;265.1;83359;;c192,g70,c115,c390;14.5;;151121_3_ma0/3460;1;2;1;1;16.00;;;;
667;2015-02-23;1;266;1;266.1;83233;;c106,c110,c192,c115;13.0;;151015_5_ma0/3260;1;2;1;1;13.50;;;;
668;2015-02-23;1;267;1;267.1;83239;;g70,c192,g23,c172;14.0;;151121_3_ma0/3454;1;2;1;1;15.00;;;;
669;2015-03-01;2;268;1;268.1;75996;;c106,c110,c172,c387,c146;7.0;;;1;2;1;1;11.00;;;;
670;2015-03-06;1;269;1;269.1;85274;;g88,q74,g73,c385;15.0;;151015_4_ma0/3180;1;2;1;1;20.50;;;;
671;2015-03-07;1;270;1;270.1;83419;;g70,g160,g1;14.5;;151121_3_ma0/3452;1;2;1;1;16.00;;;;
672;2015-03-29;1;270;1;270.2;83419;;g4,g414,g1,g213;15.0;;151015_4_ma0/3210;1;2;1;1;16.50;;;;
673;2015-03-08;1;271;1;271.1;83406;;c115,c192,g120;14.0;;151121_3_ma0/3456;1;2;1;1;15.00;;;;
674;2015-03-08;1;272;1;272.1;83378;;c110,c106,c164,c261,c247,c173,c208,c281,c390,c115,c192;14.0;;151015_3_ma0/3156;1;2;1;1;31.00;;;;
675;2015-09-26;1;273;1;273.1;78433;;c110,c192,c248,c106,c387;14.5;;151121_3_ma0/3464;1;1;1;1;27.00;;;;
676;2015-03-12;3;274;1;274.1;7391;;q88,g93,q74,c391,c385,c110,g114,c115,g159,c192,c100;19.0;;;1;2;;;38.00;2015-10-03;;;
677;2015-03-13;1;275;1;275.1;80712;;;14.0;;;1;2;;;14.00;2015-07-04;;;
678;2015-03-15;1;276;1;276.1;84898;;g4,q87,g1,c400,q79,c397;14.0;;151015_1_ma0/3077;1;2;1;1;19.00;;;;
679;2015-03-15;1;277;1;277.1;76823;;q20,q74,g73,c146,q87,c400;13.0;;151015_1_ma0/3088;1;2;1;1;19.00;;;;
680;2015-03-15;1;278;1;278.1;78398;;c110,c106,c400,q87,c397;15.0;;151015_1_ma0/3089;1;2;1;1;16.50;;;;
681;2015-03-19;1;279;1;279.1;85658;;q44,q80,sx-pistazie,c226,q118;14.0;;151018_1_ma0/3282;1;2;1;1;17.00;;;;
682;2015-03-19;1;280;1;280.1;81475;;c110,q87,c400,q88,q79,c397,q74,c253,c385;14.0;;151015_1_ma0/3079;1;2;1;1;21.00;;;;
683;2015-03-20;1;281;1;281.1;5852;;q70,c201,q24,q87,q118;16.0;;151015_3_ma0/3151;1;2;1;1;22.00;;;;
684;2015-03-22;1;282;1;282.1;85497;;c110,c400,c106;14.0;;151015_1_ma0/3083;1;2;1;1;17.00;;;;
685;2015-03-22;1;283;1;283.1;84611;;c106,c242,q70,q60,q87;15.0;;151121_3_ma0/3458;1;2;1;1;20.50;;;;
686;2015-03-29;1;283;1;283.2;84611;;c172,c242,q70,q13,c208;15.0;;151015_4_ma0/3206;1;2;1;1;20.50;;;;
687;2015-03-27;1;284;1;284.1;81849;;;16.0;;;1;2;;;22.00;2015-07-04;;;
688;2015-03-29;1;285;1;285.1;78794;;c248,q68,c179,c157,q60;14.0;;151121_2_ma0/3436;1;2;1;1;21.00;;;;
689;2015-03-31;1;286;1;286.1;81334;;c397,c106,q87,q79,c400;15.0;;151015_1_ma0/3072;1;2;1;1;16.50;;;;
690;2015-04-04;1;287;1;287.1;68455;;c110,q87,c106,c400,c397;17.0;;151015_1_ma0/3082;1;2;1;1;29.50;;;;
691;2015-04-06;1;288;1;288.1;78725;;q87,c400,c397;16.0;;151015_1_ma0/3075;1;2;1;1;22.00;;;;
692;2015-04-06;1;289;1;289.1;6340;;c110,c208;15.0;;151015_4_ma0/3219;1;2;1;1;21.50;;;;
693;2015-04-16;1;290;1;290.1;80912;;c110,c400,c106,c397,q87;14.0;;151015_1_ma0/3086;1;2;1;1;19.00;;;;
694;2015-04-26;1;291;1;291.1;85922;;c106,q87,c397,c400;13.0;;151015_1_ma0/3073;1;2;1;1;15.50;;;;
695;2015-04-26;1;292;1;292.1;83531;;c258,q24,c192,c115,c390;14.5;;151121_3_ma0/3453;1;2;1;1;10.00;;;;
696;2015-04-26;1;293;1;293.1;84463;;c400,c106,q87;12.5;;151015_1_ma0/3080;1;2;1;1;11.00;;;;
697;2015-05-15;1;294;1;294.1;3875;;c110,c400,q87,c397;14.0;;151015_1_ma0/3076;1;2;1;1;15.00;;;;
698;2015-05-15;1;295;1;295.1;84587;;c192,q28,q24,c393,c396;13.5;;151121_3_ma0/3449;1;2;1;1;10.00;;;;
699;2015-05-15;1;296;1;296.1;86225;;c397,c400,q87,c106,c110;13.0;;;1;2;;;13.50;2015-10-03;;;
700;2015-05-25;1;297;1;297.1;77480;;c393,c100,c172;14.0;;151015_4_ma0/3201;1;2;1;1;15.00;;;;
701;2015-05-25;1;298;1;298.1;84910;;c242,c106,q13;14.0;;151015_4_ma0/3202;1;2;1;1;9.00;;;;
702;2015-05-25;1;299;1;299.1;85209;;c383,q13,c259;15.0;;151015_4_ma0/3223;1;2;1;1;11.00;;;;
703;2015-05-25;1;300;1;300.1;85618;;g4,g213;13.0;;151015_4_ma0/3213;1;2;1;1;13.50;;;;
704;2015-05-25;1;301;1;301.1;86280;;q11,c100,c242;14.0;;151015_4_ma0/3204;1;2;1;1;15.00;;;;
705;2015-05-25;1;302;1;302.1;3663;;q70,c106,c192;15.0;;151121_3_ma0/3455;1;2;1;1;16.50;;;;
706;2015-06-21;1;303;1;303.1;;;c110,c106,pe;13.0;;;1;2;1;1;5.00;;;;
707;2015-06-21;1;303;1;303.2;;;q70,pe;13.5;;;1;2;1;1;5.00;;;;
708;2015-06-21;1;303;1;303.3;;;g73,pe;17.0;;;1;2;1;1;5.00;;;;
709;2015-06-21;1;303;1;303.4;;;c110,pe;17.0;;;1;1;1;1;5.00;;;;
710;2015-06-21;1;303;1;303.5;;;c113,pe;15.0;;;1;1;;;5.00;2015-10-03;;;
711;2015-06-21;1;303;1;303.6;;;c110,pe;16.5;;;;1;1;1;5.00;;;;
712;2015-06-21;1;303;1;303.7;;;q46,q7;14.5;;;1;1;1;1;5.00;;;;
713;2015-06-21;1;303;1;303.8;;;g198,pe;16.0;;;1;1;1;1;5.00;;;;
714;2015-06-21;1;303;1;303.9;;;c106,pe;15.0;;;1;1;1;1;5.00;;;;
715;2015-06-21;1;303;1;303.1;;;c146,pe;13.5;;;1;1;1;1;5.00;;;;
716;2015-06-21;1;303;1;303.11;;;c106,pe;15.0;;;1;1;;;5.00;2015-10-03;;;
717;2015-06-21;1;303;1;303.12;;;Q7,pe;15.5;;;1;1;1;1;5.00;;;;
718;2015-06-21;1;304;1;304.1;86265;;c242,q13,c110,c208;13.5;;151015_4_ma0/3208;1;2;1;1;13.00;;;;
719;2015-06-21;1;305;1;305.1;81887;;c106,c397,q87,c110,c400;16.0;;151015_1_ma0/3087;1;2;1;1;16.00;;;;
720;2015-06-21;1;306;1;306.1;;;c110,c106;14.0;;151015_4_ma0/3197;1;1;1;1;5.00;;;;
721;2015-06-21;1;306;1;306.2;;;c164,c247;14.0;;151018_1_ma0/3318;1;1;1;1;5.00;;;;
722;2015-06-21;1;306;1;306.3;;;c261,c257;14.5;;151015_3_ma0/3140;1;1;1;1;5.00;;;;
723;2015-06-21;1;306;1;306.4;;;c162,c173;14.0;;151015_3_ma0/3146;1;1;1;1;5.00;;;;
724;2015-06-21;1;306;1;306.5;;;c162,c263;13.0;;151018_1_ma0/3304;1;1;1;1;5.00;;;;
725;2015-06-21;1;306;1;306.6;;;c115,c208;13.5;;151015_4_ma0/3230;1;1;1;1;5.00;;;;
726;2015-06-21;1;307;1;307.1;84571;;q7,q97;15.0;;;1;1;1;1;9.00;;;;
727;2015-06-21;1;307;1;307.2;84571;;q16,q46;14.5;;;1;1;1;1;9.00;;;;
728;2015-06-21;1;308;1;308.1;84408;;g23,c106,c110;14.0;;151015_4_ma0/3186;1;1;1;1;10.00;;;;
729;2015-06-21;1;309;1;309.1;EM002;;c110,c106,c253;17.0;;151015_3_ma0/3178;1;1;1;1;7.00;;;;
730;2015-06-21;1;310;1;310.1;84350;;c226,c106,c192,c282;14.5;;151018_2_ma0/3335;1;1;1;1;20.50;;;;
731;2015-07-04;1;311;1;311.1;69098;;c110,c245,c389,c212,c241,c244,c205;13.0;;151121_2_ma0/3427;1;1;1;1;19.50;;;;
732;2015-07-04;1;311;1;311.2.1;69098;o19;;14.0;;;;1;;;21.00;2015-07-01;;;
733;2015-07-04;1;311;1;311.2.2;69098;o20;;15.0;;;;1;;;22.50;2015-07-01;;;
734;2015-07-23;1;312;1;312.1;;;c110,c106,q7,q46,c113;15.5;;151121_3_ma0/3489;1;1;1;1;5.00;;;;
735;2015-07-23;1;313;1;313.1;;;;15.0;;151121_3_ma0/3483;1;1;1;1;3.00;;;;
736;2015-07-23;1;314;1;314.1;85519;;g66,c106,c222,c114;12.0;;151015_2_ma0/3120;1;2;1;1;8.00;;;;
737;2015-08-13;1;315;1;315.1;85805;;c106,c282,c192,c226;12.0;;151018_2_ma0/3327;1;2;1;1;20.00;;;;
738;2015-08-13;1;316;1;316.1;80982;;c105,c192;13.0;;151121_3_ma0/3448;1;2;1;1;11.50;;;;
739;2015-08-13;1;316;1;316.2;80982;;c192,c110;13.5;;151015_5_ma0/3257;1;2;1;1;12.00;;;;
740;2015-08-13;1;317;1;317.1;17835;;c105,c192;15.5;;151015_5_ma0/3265;1;2;1;1;10.00;;;;
741;2015-08-14;1;195;1;318.1;81070;;c106,c110,q97,p82105;14.0;;151121_2_ma0/3424;1;1;1;1;15.00;;;;
742;2015-08-14;1;319;1;319.1;80798;;q87,c400,c106;15.0;;151015_1_ma0/3078;1;1;1;1;28.00;;;;
743;2015-08-14;1;320;1;320.1;80888;;c281,c110,c384,c106;13.0;;;1;1;1;1;13.50;;;;
744;2015-08-14;1;320;1;320.2;80888;;c208,c110,c384,c106;17.0;;;1;1;1;1;19.50;;;;
745;2015-08-14;1;321;1;321.1;78643;;c282,c226,c106,c192;13.0;;151018_2_ma0/3331;1;1;1;1;19.50;;;;
746;2015-08-22;1;322;1;322.1;81022;;c106,q65,g66;11.5;;151015_2_ma0/3122;1;2;1;1;9.00;;;;
747;2015-08-23;1;323;1;323.1;75957;;q9,q64;14.5;;151015_2_ma0/3126;1;2;1;1;16.50;;;;
748;2015-09-14;1;324;1;324.1;84798;;c110,c280,q60,p82108;13.5;;151015_5_ma0/3239;1;2;1;1;15.00;;;;
749;2015-09-16;2;325;1;325.1;86115;;g93,c110,g416,g87;5.5;;;1;2;1;1;11.00;;;;
750;2015-09-16;2;326;1;326.1;2909;;g34,c146,c397,c106;6.0;;;1;2;1;1;10.00;;;;
751;2015-09-16;2;327;1;327.1;87007;;c110,q118,c106,q118,c389,q87,c392,c115;6.0;;;1;2;1;1;9.00;;;;
752;2015-09-16;2;328;1;328.1;87549;;c157,q39,c162,c179,c110,c106,q87,c258,q74,q88,c400;7.0;;;1;2;1;1;11.50;;;;
753;2015-09-16;2;329;1;329.1;87231;;c110,q44,q87,c205,q60,c212,c115,c389,c390,c241,g459,q17,q59,q118,g114;7.0;;;1;2;1;1;10.50;;;;
754;2015-09-16;2;330;1;330.1;86084;;c110,c106,q88,c172,c400,q79,c397;8.0;;;1;2;1;1;13.00;;;;
755;2015-09-16;2;331;1;331.1;85862;;c110,q87,c400,q117,c208;7.5;;;1;2;;;13.00;2015-10-03;;;
756;2015-09-16;2;332;1;332.1;88485;;c110,c208,c400,c280,c385;8.0;;;1;2;1;1;15.00;;;;
757;2015-09-20;2;333;1;333.1;88486;;;8.0;;;1;2;1;1;15.00;;;;C382 nicht gefunden, vorher c106,c394,q117,q87,c382
758;2015-10-11;3;333;1;333.2;88486;;g198,q117,q87,q116,c106;17.0;;151015_2_ma0/3092;1;2;1;1;30.00;;;;
759;2015-09-20;2;334;1;334.1;80813;;g93,c110;4.0;;;1;2;1;1;10.00;;;;
760;2015-09-20;2;335;1;335.1;88236;;c110,c392,c400,q116,q117,c212,q87;7.0;;;1;2;1;1;11.50;;;;
761;2015-09-26;2;336;1;336.1;88431;;p82146,c106,c247,q118,c392;7.0;;;1;2;1;1;13.00;;;;
762;2015-09-26;2;337;1;337.1;5567;;;6.0;;;1;2;1;1;9.00;;;;G24 nicht gefunden, vorher c400,c397,g24,q79,c146,c106
763;2015-09-26;2;338;1;338.1;76113;;c110,c106,p82132;7.0;;;1;1;1;1;13.00;;;;
764;2015-09-26;1;339;1;339.1;81975;;c400,c130,c162,c157,q39,c179;12.5;;151121_1_ma0/3366;1;1;1;1;30.00;;;;
765;2015-09-26;1;340;1;340.1;206;;c106,q80,c110;13.0;;151121_3_ma0/3480;1;1;1;1;13.50;;;;
766;2015-09-26;1;340;1;340.2;206;;g93,q59,g198;12.5;;151121_1_ma0/3396;1;1;1;1;13.00;;;;
767;2015-09-27;2;341;1;341.1;86759;;c397,c146,q79,c400,c106,q87;7.0;;;1;2;1;1;11.50;;;;
768;2015-09-28;2;342;1;342.1;86780;;c110,c106,c400;7.0;;;1;2;1;1;11.50;;;;
769;2015-09-28;2;343;1;343.1;88710;;c385,q74,c391,c226,p82132,q66,q80,c110,c106;6.0;;;1;2;1;1;10.00;;;;
770;2015-09-28;1;344;1;344.1;85433;;c110,q87,c106;13.0;;;1;2;1;1;33.00;;;;
771;2015-09-29;1;345;1;345.1;47709;;c106,c110;13.0;;151015_4_ma0/3199;1;2;1;1;7.00;;;;
772;2015-09-29;1;346;1;346.1;81269;;C106,c110;14.0;;151015_4_ma0/3190;1;2;1;1;10.00;;;;
773;2015-09-30;1;347;1;347.1;87847;;c110,c106,q24;14.0;;151015_4_ma0/3185;1;2;1;1;10.00;;;;
774;2015-09-30;1;348;1;348.1;54120;;c110,c393;13.0;;151015_4_ma0/3181;1;2;1;1;11.50;;;;
775;2015-10-02;1;349;1;349.1;77979;;c110,c106;13.0;;151015_4_ma0/3200;1;2;1;1;11.50;;;;
776;2015-10-03;2;350;1;350.1;75309;;g107,q46,p82153,g144;9.0;;;1;1;1;1;17.00;;;;
777;2015-10-06;1;351;1;351.1;50058;;c106,c282,c192,c226;12.5;;151018_1_ma0/3270;1;2;1;1;21.00;;;;
778;2015-10-06;1;352;1;352.1;83851;;c110,c106;14.0;;151015_4_ma0/3182;1;2;1;1;10.00;;;;
779;2015-10-06;1;353;1;353.1;78882;;q44,c110,p82156,c392,q117;12.5;;151015_2_ma0/3100;1;2;1;1;11.00;;;;
780;2015-10-06;1;354;1;354.1;83752;;g198,q117,c205,c392,c106;12.0;;151015_2_ma0/3107;1;2;1;1;16.00;;;;
781;2015-10-07;1;355;1;355.1;86135;;c106,c110,g66,c114,c222;11.0;;;1;2;1;1;11.50;;;;
782;2015-10-09;1;356;1;356.1;84660;;c106,q87,g198,q116;13.0;;151015_2_ma0/3093;1;2;1;1;7.00;;;;
783;2015-10-12;1;356;1;356.2;84660;;c110,c398,q117,p82146;13.0;;151015_2_ma0/3112;1;2;1;1;7.00;;;;
784;2015-10-09;1;357;1;357.1;85521;;q117,c106,c392,q116,q87;11.0;;151015_2_ma0/3096;1;2;1;1;10.00;;;;
785;2015-10-09;1;358;1;358.1;86554;;c110,c392,q116,q87,q117;13.5;;151015_2_ma0/3099;1;2;1;1;18.00;;;;
786;2015-10-09;1;359;1;359.1;87945;;c106,q117,q116;15.0;;151015_2_ma0/3101;1;2;1;1;16.50;;;;
787;2015-10-10;1;360;1;360.1;86226;;g198,q117,q116,c106,q87;12.5;;151015_2_ma0/3090;1;2;1;1;13.00;;;;
788;2015-10-10;1;361;1;361.1;3472;;c106,q117,q116;13.5;;151015_2_ma0/3104;1;2;1;1;7.50;;;;
789;2015-10-11;1;362;1;362.1;88384;;c392,q116,c106,q117,q87;15.0;;151015_2_ma0/3091;1;2;1;1;14.50;;;;
790;2015-10-11;1;363;1;363.1;88715;;q117,q116,q87,c106,g198,c392;14.5;;151015_2_ma0/3097;1;2;1;1;16.00;;;;
791;2015-10-11;1;364;1;364.1;82300;;g198,q117,c392;14.0;;151015_2_ma0/3105;1;2;1;1;8.00;;;;
792;2015-10-13;1;365;1;365.1;87806;;q117,c392,q116,p82146,c106;13.5;;151015_2_ma0/3111;1;2;1;1;14.50;;;;
793;2015-10-14;1;366;1;366.1;81823;;g198,q117,c392;14.5;;151015_2_ma0/3106;1;2;1;1;8.50;;;;
794;2015-10-14;1;367;1;367.1;81056;;g198,q87,c106;13.5;;151015_2_ma0/3095;1;2;1;1;14.50;;;;
795;2015-10-14;1;368;1;368.1;74847;;c106,p82146,q116,g198;16.0;;151015_2_ma0/3109;1;2;1;1;12.00;;;;
796;2015-10-15;1;369;1;369.1;81353;;c106,g198,q117,q116;14.5;;151015_2_ma0/3102;;2;1;1;8.00;;;;
797;2015-10-17;1;370;1;370.1;86452;;p82146,q116,g198;14.5;;151018_1_ma0/3272;1;2;1;1;20.00;;;;
798;2015-10-17;1;371;1;371.1;73662;;c106,q117,q87,q116;15.0;;151018_1_ma0/3275;1;2;1;1;14.50;;;;
799;2015-10-17;1;372;1;372.1;74169;;q116,q87,q117;13.0;;151018_1_ma0/3279;1;2;1;1;11.50;;;;
800;2015-10-24;1;373;1;;87835;;c110,q117,q116,q87;13.0;;151121_1_ma0/3392;1;2;1;1;15.50;;;;
801;2015-10-24;1;374;1;;84918;;q117,c392,p82146;12.0;;151121_1_ma0/3389;1;2;1;1;8.00;;;;
802;2015-10-24;1;375;1;;77025;;c392,p82146,c110;13.5;;151121_1_ma0/3388;1;2;1;1;12.50;;;;
803;2015-10-31;1;376;1;;54173;;c113,c110,c205,c281,c208;13.0;;151121_1_ma0/3394;1;1;1;1;26.00;;;;
804;2015-10-31;1;377;1;;4497;;c400,q87,c106;14.0;;151121_1_ma0/3397;1;1;1;1;15.00;;;;
805;2015-10-31;1;378;1;;88283;;c130,c162,c179,c400;12.0;;151121_1_ma0/3368;1;2;1;1;8.00;;;;
806;2015-10-31;1;379;1;;86793;;q117,g198,c392,p82146,q116,c106;12.5;;151121_1_ma0/3391;1;2;1;1;15.00;;;;
807;2015-10-31;1;380;1;;84375;;c157,c400,c179,c130;14.5;;151121_1_ma0/3364;1;2;1;1;15.50;;;;
808;2015-10-31;1;381;1;;84108;;q70,c172;14.0;;151121_1_ma0/3395;1;2;1;1;17.00;;;;
809;2015-11-03;1;382;1;;85622;;c106,c110;13.0;;151121_1_ma0/3398;1;2;1;1;13.50;;;;
810;2015-11-03;2;383;1;;83777;;;6.0;;;1;2;1;1;11.00;;;;C112 nicht gefunden, vorher q87,c110,q117,c112,p82108,c392,q60,c106
811;2015-11-03;1;384;1;;88488;;q117,q116,g198,c392,q87;14.0;;151121_1_ma0/3393;1;2;1;1;15.00;;;;
812;2015-11-04;1;264;1;;83458;;c179,c157,c130,c400;15.0;;151121_1_ma0/3363;1;2;1;1;11.00;;;;
813;2015-11-08;1;386;1;;87522;;c162,q39,c130,c400,c179,c157;15.0;;151121_1_ma0/3369;1;2;1;1;18.50;;;;
814;2015-11-08;1;387;1;;89263;;c130,c162,c179,c400,c157;14.0;;151121_1_ma0/3367;1;2;1;1;17.00;;;;
815;2015-11-08;1;388;1;;87002;;c130,c400,c179,c157;14.0;;151121_1_ma0/3372;1;2;1;1;10.00;;;;
816;2015-11-08;1;389;1;;83517;;c179,c162,c400,c130;14.0;;151121_1_ma0/3373;1;2;1;1;17.00;;;;
817;2015-11-08;1;390;1;;4157;;c179,c162,c400,c157,c130;14.5;;151121_1_ma0/3362;1;2;1;1;22.00;;;;
818;2015-11-11;1;158;1;;79145;;;14.0;;151121_1_ma0/3371;1;2;1;1;17.00;;;;C103 nicht gefunden, vorher c103,c157,c400
819;2015-11-11;1;392;1;;86642;;c392,q116,q117,c106,p82146;13.0;;151121_1_ma0/3387;1;2;1;1;15.50;;;;
820;2015-11-13;1;393;1;;84053;;c106,g34,c400,c146;13.0;;151121_1_ma0/3384;1;2;1;1;12.50;;;;
821;2015-11-13;1;394;1;;89047;;g34,c400,c146,c397,c106;14.5;;151121_1_ma0/3383;1;2;1;1;16.00;;;;
822;2015-11-14;1;395;1;;72486;;c397,c106,c146,g124,c400,g34;13.0;;151121_1_ma0/3378;1;2;1;1;13.50;;;;
823;2015-11-14;1;396;1;;83941;;c106,c397,g34,g124;13.5;;151121_1_ma0/3380;1;2;1;1;14.50;;;;
824;2015-11-16;1;397;1;;82110;;c157,q39,c162,c400,c130,c179;15.5;;151121_1_ma0/3361;;1;1;1;17.00;;;;
825;2015-11-16;1;398;1;;2423;;c162,c400,c179,c157,c130,q39;13.5;;151121_1_ma0/3360;1;1;1;1;15.50;;;;
826;2015-11-16;1;399;1;;64219;;c179,c130,c400,c162;13.0;;151121_1_ma0/3370;1;1;1;1;7.00;;;;
827;2015-11-17;1;399;1;;64219;;c146,c106,c397,g34;13.0;;151121_1_ma0/3376;1;1;1;1;7.00;;;;
828;2015-11-17;1;111;1;;324;;c106,g93,g198;14.5;;151121_1_ma0/3385;1;1;1;1;16.00;;;;
829;2015-11-17;2;330;1;;86084;;c110,c106,q46,g124,q80,p82132,c226;6.0;;;1;1;1;1;10.00;;;;
830;2015-11-17;1;400;1;;88397;;c389,c106,c110,q118;13.5;;151121_1_ma0/3386;1;1;1;1;20.00;;;;
831;2015-11-17;2;400;1;;88397;;c208,q13,c110,c400;6.0;;;1;1;1;1;10.00;;;;
832;2015-11-19;1;401;1;;79209;;c146,g34,c106,g124,c397,c400;15.0;;151121_1_ma0/3374;1;2;1;1;30.00;;;;
833;2015-11-19;1;4;1;;7345;;c205,c254;13.0;;;1;1;1;1;4.00;;;;
834;2015-11-19;1;4;1;;7345;;c205,c100;13.0;;;1;1;1;1;4.00;;;;
835;2015-11-19;1;4;1;;7345;;c162,c157;13.0;;;1;1;1;1;4.00;;;;
836;2015-11-19;1;4;1;;7345;;c110,c192;13.0;;;1;1;1;1;4.00;;;;
837;2015-11-19;1;4;1;;7345;;c162,c106;13.5;;;1;1;1;1;4.00;;;;
838;2015-11-19;1;4;1;;7345;;c146,c172;13.0;;;1;1;1;1;4.00;;;;
839;2015-11-19;1;4;1;;7345;;c192,c173;14.0;;;1;1;1;1;4.00;;;;
840;2015-11-19;1;4;1;;7345;;c106,c164;13.5;;;1;1;1;1;4.00;;;;
841;2015-11-22;1;402;1;;85568;;g34,c146,c397,g124,c106,c400;14.0;;;1;2;1;1;17.00;;;;
842;2015-11-22;1;403;1;;7381;;c106,c110,c222,c114;14.0;;;1;2;1;1;17.00;;;;
843;2015-11-25;2;404;1;;66438;;c162,q39,c179,c106,c400,c157;6.5;;;1;2;1;1;10.00;;;;
844;2015-11-25;2;205;1;;43918;;c110,q175,c249,c280,c385,q74;7.0;;;1;2;1;1;15.00;;;;
845;2015-11-25;2;331;1;;85862;;c110,q87,c400,q117,c280;8.0;;;1;2;1;1;13.00;;;;
846;2015-11-25;2;405;1;;67619;;q87,c110,p82083,g73;8.0;;;1;2;1;1;13.00;;;;
